ItemNumber,ItemDescription,PONumber,DueDate,DUE_DATE,POLineKey
02-1087-11,RESISTOR 02-1087-11,POBK-092313-01,2014-09-23 00:00:00,300,156717410
02-1088-11,BAND CE 02-1088-11/AT,PO-032513-30,2015-08-17 00:00:00,810,135305570
02-1088-18,BAND CE & DE 02-1088-18/AT,POBK-100213-02,2015-10-02 00:00:00,1653,158097045
02-1088-22,BAND CE & DE 02-1088-22,POBK-012213-01,2015-08-21 00:00:00,1582,170664043
02-1088-28,BAND CE & DE 02-1088-28,POBK-111612-01,2015-08-21 00:00:00,1948,124920023
02-1088-30,BAND DE 02-1088-30,PO-042513-31,2015-08-21 00:00:00,1150,170664044
02-1290-04,CONDUCTOR (02-1290-04)/F,POBK-020414-02,2015-04-02 00:00:00,1200,171832200
02-2011-01,INSULATOR;SLOT;B SHAPED 02-2011-01,POBK-050514-01,2015-05-05 00:00:00,2000,181124047
02-2011-07,INSULATOR SLOT B SHAPED 02-2011-07,POBK-020514-03,2015-04-07 00:00:00,24003,172127110
02-2011-15,INSULATOR SLOT B SHAPED 02-2011-15,POBK-121613-01,2014-12-16 00:00:00,3,166106838
02-2011-16,INSULATOR SLOT B SHAPED 02-2011-16,POBK-011314-01,2015-03-18 00:00:00,3003,169051146
02-2011-20,INSULATOR SLOT B SHAPED 02-2011-20,POBK-061114-04,2015-06-11 00:00:00,45000,186087507
02-2020-09,INTERPOLE INSULATOR 02-2020-09,POBK-061614-02,2015-06-16 00:00:00,2000,186591376
02-2020-19,INTERPOLE INSULATOR 02-2020-19,POBK-081313-02,2014-10-21 00:00:00,1867,150519214
02-2030-22,INSULATOR BAND CE 02-2030-22/AH,POBK-022714-04,2015-04-07 00:00:00,700,174596410
02-2030-24,INSULATOR BAND 02-2030-24/AH,POBK-120313-03,2014-12-03 00:00:00,300,165211410
02-2030-26,INSULATOR BAND DE 02-2030-26/AH,POBK-020614-02,2015-04-14 00:00:00,500,172127116
02-2030-32,INSULATOR BAND DE 02-2030-32/AH,POBK-121613-02,2014-12-16 00:00:00,2000,166106892
02-2040-70,INSULN 02-2040-70,POBK-010914-05,2015-01-09 00:00:00,750,168609349
02-2041-17,INSUL 02-2041-17,PO-082813-01*,2014-09-03 00:00:00,5000,153657545
02-2042-40,INSULATOR 02-2042-40,PO-061014-04,2015-06-10 00:00:00,900,185919367
02-2042-45,INSULN 02-2042-45/CB,POBK-031914-01,2015-05-15 00:00:00,3000,175510578
02-2042-52,INSULATION 02-2042-52/CB,POBK-031914-02,2015-05-19 00:00:00,5000,175510579
02-2042-59,INSULATION;STRIP 02-2042-59,POBK-081313-03,2014-08-13 00:00:00,2000,150519222
02-2042-60,INSULATION 02-2042-60/CB,POBK-020414-03,2015-04-03 00:00:00,2000,171832201
02-2043-11,INSULN 02-2043-11/AV,POBK-052114-01,2015-05-21 00:00:00,7500,182927731
02-2043-24,INSULATION;SLOT LINER 02-2043-24,POBK-052614-04,2015-05-26 00:00:00,8000,183758544
02-2043-24,INSULATION;SLOT LINER 02-2043-24,POBK-093013-01,2014-07-11 00:00:00,957,165652945
02-2043-25,INSULN 02-2043-25,POBK-050514-02,2015-05-05 00:00:00,3000,181124051
02-2043-26,INSULN 02-2043-26,POBK-030714-02,2015-05-05 00:00:00,10000,175048733
02-2044-09,INSUL 02-2044-09,POBK-040314-05,2015-05-15 00:00:00,15000,177946966
02-2044-09,INSUL 02-2044-09,POBK-040314-05,2015-05-15 00:00:00,15000,177946967
02-2044-09,INSUL 02-2044-09,POBK-040314-05,2015-05-15 00:00:00,9815,177946965
02-2048-01,SLOT INSULATOR 02-2048-01,POBK-072913-01,2014-09-19 00:00:00,1000,148318279
02-2050-13,WEDGE OUTER 02-2050-13,POBK-042814-02,2015-04-28 00:00:00,5000,180443824
02-2050-22,WEDGE OUTER 02-2050-22,POBK-010914-06,2015-03-03 00:00:00,38000,168609352
02-2050-30,WEDGE OUTER 02-2050-30,POBK-112013-01,2014-11-20 00:00:00,1025,164153378
02-2050-32,WEDGE 02-2050-32/BN,POBK-021314-01,2015-03-30 00:00:00,4000,181124054
02-2050-57,WEDGE OUTER 02-2050-57/BN,POBK-121813-01,2014-12-18 00:00:00,12500,166409298
02-2050-60,WEDGE 02-2050-60/BN,POBK-011014-03,2015-03-11 00:00:00,25000,186423871
02-2050-62,WEDGE 02-2050-62,PO-071813-04,2014-07-18 00:00:00,5000,147534754
02-2050-64,WEDGE 02-2050-64,POBK-020614-04,2015-04-14 00:00:00,4000,172127161
02-2060-27,WEDGE 02-2060-27,POBK-011314-02,2015-03-13 00:00:00,4000,169051150
02-2060-29,WEDGE 02-2060-29/BF,POBK-020414-04,2015-04-03 00:00:00,2000,171832204
02-2060-38,WEDGE 02-2060-38,POBK-020614-05,2015-03-20 00:00:00,3000,172127195
02-2090-21,INSULATION 02-2090-21/T,POBK-092313-02,2014-09-23 00:00:00,1000,156717674
02-3001-33,CORE 02-3001-33,POBK-092313-03,2014-12-01 00:00:00,40,156717835
02-3102-01,INTERPOLE(ALT:23046-1421)02-3102-01,POBK-041614-02,2015-04-16 00:00:00,1500,179343668
02-3102-04,INTERPOLE 02-3102-04/AH,POBK-092313-04,2014-09-23 00:00:00,2315,156717848
02-3102-07,INTERPOLE 02-3102-07/AH,POBK-011413-02,2015-01-14 00:00:00,1316,130334594
02-3102-09,INTERPOLE 02-3102-09/AH,POBK-041614-03,2015-04-16 00:00:00,1500,179343669
02-3102-11,INTERPOLE(ALT:02-3100-09)02-3102-11,PO-082913-03,2014-08-29 00:00:00,2680,152886802
02-3140-01,INTERPOLE(MACH)02-3140-01/-,POBK-030413-01,2014-12-31 00:00:00,1544,133668327
02-4300-13,RIVET 02-4300-13/BG,POBK-111313-05,2014-11-13 00:00:00,2500,163605379
02-4300-18,RIVET (02-4300-18)/BG,POBK-013114-01,2015-01-30 00:00:00,2000,171250527
02-4301-29,RIVET 02-4301-29/AW,POBK-060314-02,2015-06-03 00:00:00,400,184903061
02-4301-35,RIVET 02-4301-35/AY,POBK-031914-04,2015-05-08 00:00:00,350,175510692
02-4301-36,RIVET 02-4301-36/AY,POBK-121613-03,2014-12-16 00:00:00,50,166106899
02-4390-08,KEY ROUND 02-4390-08,POBK-120313-04,2014-12-03 00:00:00,350,165211414
02-4390-10,KEY ROUND 02-4390-10,POBK-080113-01,2014-08-01 00:00:00,1200,163455658
02-4390-10,KEY ROUND 02-4390-10,POBK-080113-01,2014-08-01 00:00:00,300,148592356
02-4390-17,KEY ROUND 02-4390-17,POBK-031914-05,2015-05-15 00:00:00,120,175510693
02-4390-18,KEY ROUND 02-4390-18,POBK-040214-04,2015-06-12 00:00:00,200,177796308
02-4390-21,KEY ROUND 02-4390-21,POBK-011314-03,2016-03-10 00:00:00,700,169051151
02-4390-23,ROUND KEY  02-4390-23,POBK-081913-03,2014-08-19 00:00:00,500,151307069
05-419152,KEY 05-419152,POBK-120612-01,2015-08-21 00:00:00,250,126537196
05-419153,KEY 05-419153,PO-030813-33,2015-08-18 00:00:00,360,133998639
05-419160,KEY 05-419160,POBK-120612-02,2015-08-21 00:00:00,111,126537223
05-419164,KEY 05-419164,POBK-121613-04,2014-12-16 00:00:00,100,166106903
05-501856,CONNECTOR;SLEEVE 05-501856/L,POBK-101513-07,2014-10-15 00:00:00,1139,159892193
05-543032,TAPE WHITE ADH 05-543032/C,POBK-120513-03,2014-12-15 00:00:00,85536,165504882
05-543053,TAPE KAPTON 05-543053 [05-543204],POBK-061814-04,2014-12-31 00:00:00,16200,186923733
05-543053,TAPE KAPTON 05-543053 [05-543204],POBK-080513-02,2014-08-05 00:00:00,216,149024403
05-544001,TAPE [REF 05-543205]05-544001/D,POBK-052014-03N,2014-12-31 00:00:00,2160,186423868
05-544002,TAPE (REF 05-543205) 05-544002/D,POBK-120513-04,2014-12-15 00:00:00,26784,165505570
05-555102,INSULATOR BAND DE 05-555102,POBK-021314-02,2015-04-15 00:00:00,748,172999668
05-555939,INSULATION 05-555939,POBK-041614-04,2015-04-16 00:00:00,2000,179343670
05-626014,WEDGE 05-626014,POBK-031914-06,2015-05-15 00:00:00,5000,175510694
05-626944,WEDGE 05-626944,POBK-052614-05-626944,2015-05-26 00:00:00,1000,183758708
05-626947,WEDGE OUTER 05-626947,POBK-121913-01,2014-12-19 00:00:00,15000,166557787
05-634258,CORD 05-634258/V (750 FT/RL),POBK-021014-01N,2015-04-10 00:00:00,13500,186423866
05-651278,VARNISH (DORYL) 05-651278,PO-121713-30,2014-12-17 00:00:00,20,166254360
05-651353,TOLUENE (05-651353)/H,PO-100313-30,2014-10-03 00:00:00,105.66,158248817
05-651838,SEALER 05-651838/P,PO-121713-31,2014-12-17 00:00:00,69.39,166254393
16-2723-1,BEZEL,POBK-032014-01,2014-09-23 00:00:00,1500,175815132
16-2725-1,HOUSING,POBK-032014-02,2014-09-23 00:00:00,1500,175815133
16-2726-1,COVER,POBK-032014-03,2014-09-23 00:00:00,1400,175815134
16-2728-1,CONTACT POWER,POBK-060314-03,2015-06-03 00:00:00,4000,184903157
16-2728-1,CONTACT POWER,POBK-060314-03,2015-06-03 00:00:00,4000,184903158
16-2729-1,CONTACT RETURN,POBK-060314-03,2015-06-03 00:00:00,4000,184903157
16-2729-1,CONTACT RETURN,POBK-060314-03,2015-06-03 00:00:00,4000,184903158
170-2343,CASE,POBK-061314-170-2343,2014-12-31 00:00:00,2000,186591835
183-226,*CIRCUIT BOARD (81-7204-5 U.T),POBK-012814-183-226,2015-03-03 00:00:00,3000,170811633
183-228,*CARRIER 81-7221-1,POBK-061314-183-228,2014-12-31 00:00:00,2000,188245299
2-7000-10,SCREW,PO-083013-35,2014-10-29 00:00:00,30000,153041428
2-7000-10,SCREW,PO-083013-35,2014-10-29 00:00:00,-1000,153041418
2-7000-14,SCREW,PO-030314-30,2015-05-26 00:00:00,92000,175031101
2-7000-9,SCREW,PO-083013-35,2014-10-29 00:00:00,50000,153041428
2-7000-9,SCREW,PO-083013-35,2014-10-29 00:00:00,19000,153041418
200-632,TERMINAL JST,POBK-012814-200-632,2015-04-07 00:00:00,162000,170811638
200-824-0,TERMINAL SD-7879 050-29-1900,POBK-012814-200-824-0,2015-09-02 00:00:00,60000,170811639
200002,RETENTION PLUNGER/A,PO-O32113-JN01,2014-12-31 00:00:00,99123510,134873853
200007,COMPRESSION SPRING STAINLESS STEEL/C,PO-111511-103,2014-12-31 00:00:00,461301,94010205
200031,WIRE YELLOW,POBK-021014-200031,2015-06-25 00:00:00,228300,172564131
201002,BEZEL NYLON 33%GF BLACK,PO-120213-65DF,2014-12-30 00:00:00,9995644,165122103
201003,JOYSTICK ACETAL,PO-010214-DF02,2014-12-30 00:00:00,99999,167749931
201004,ACTUATOR ACETAL,PO-011714-DF01,2014-12-30 00:00:00,991999,169637408
201005,ACTUATOR GUIDE NYLON,PO-010214-03DF,2014-12-30 00:00:00,996579,167749936
201008,HOUSING NYLON 33%GF,PO-010914-PL5,2014-12-30 00:00:00,999999,168608958
201020,COVER WIRE NYLON,PO-010914-PL4,2014-12-30 00:00:00,96000,168608956
201030,BUTTON; NO GRAPHICS,PO-101013-65DF,2014-12-30 00:00:00,984999,159295523
201032,CIRCUIT BOARD W/RESISTOR,POBK-012914-201032,2015-06-02 00:00:00,50000,170957810
201051,WIRE TWP 22 AWG BLACK SAE J-1128 BK,PO-062614-201051,2015-06-25 00:00:00,1200624,187917506
201053,BEZEL 33% GF,PO-010914-PL3,2014-12-30 00:00:00,100000,168608950
201058,BEZEL 33% GF,PO-010914-65DF,2014-12-30 00:00:00,9995999,168607742
201103,ACTUATOR,PO-010214-DF05,2014-12-30 00:00:00,7277737,167749978
201104,HEADER/C INSERT MOLDED,POBK-061914-201104,2014-12-31 00:00:00,32000,187087958
201107,ELASTOMERIC PAD / D,PO-121813-66IF,2015-03-11 00:00:00,1584000,166706256
201119,PC BOARD ASM,POBK-021814-201119,2015-06-03 00:00:00,432050,173579118
201124,TERMINAL 7114-4020,POBK-012814-201124,2015-07-07 00:00:00,520000,170811681
201192,BUTTON (NO GRAFIC),PO-1011113-PL02DF,2014-12-30 00:00:00,922510,159442943
201212,MOLEX CONNECTOR 31072-1070,PO-040214-201212,2014-08-18 00:00:00,21600,177796120
201214,WIRE 24 AWG WHITE 42 STR ISO 6722,POBK-121113-6701IF,2014-12-31 00:00:00,9429999,165660527
201215,WIRE 24 AWG BLUE 42 STR ISO 6722,POBK-091913-672DF,2014-12-31 00:00:00,510000,156107016
201216,WIRE 24 AWG RED 42 STR ISO 6722,POBK-120213-6702IF,2014-12-31 00:00:00,11710000,165122975
201217,WIRE 24 AWG BLACK 42 STR ISO 6722,POBK-091913-67DF,2014-12-31 00:00:00,470000,156107032
201218,WIRE 24 AWG YELLOW 42 STR ISO 6722,POBK-121113-6702IF,2014-12-31 00:00:00,560000,165660547
201220,BERG TERMINAL 47649-000LF,POBK-032114-201220,2015-03-20 00:00:00,1600000,175968179
202002,B HOUSING CONN OR SQS2R-02H-2C-D,PO-111113-68IF,2014-12-30 00:00:00,827999,171104852
202003,BASE HOUSING CONN BK SQS2R-02H-2A-K,PO-022114-202003,2015-02-20 00:00:00,1600000,174012763
202004,LID HOUSING CONN YL SQS2L-02H-1A-Y,POBK-120213-680S,2014-12-30 00:00:00,680000,171104879
202005,CPA HOUSING CONN RD SQS2C-02H-1A-R,POBK-120213-680,2014-12-30 00:00:00,503999,171104878
202006,FERRITE CONNECTOR SQS2F-02-1T,POBK-040213-6806MS,2014-12-31 00:00:00,54000,136073981
202356,FEMALE TERMINALSSQS2-A03GI-P-P,POBK-040213-680,2014-12-30 00:00:00,3064000,171104853
202376,WIRE TWP 20 AWG LG/YL MS7889,PO-012314-202376,2015-02-17 00:00:00,2555000,170223255
202377,WIRE TWP 20 AWG LG/DG MS7889,PO-012314-202377,2015-02-17 00:00:00,2520000,170223256
202378,WIRE TWP 20 AWG LB/YL MS7889,PO-012314-202378,2015-02-17 00:00:00,1825000,170223257
202379,WIRE TWP 20 AWG LB/DG MS7889,PO-012314-202379,2015-02-17 00:00:00,1825000,170223258
202381,WIRE TWP 20 AWG LB/ BN MS7889,PO-012314-202381,2015-02-17 00:00:00,1450000,170223259
202382,WIRE TWP 20 AWG  LB/OR MS7889,PO-012314-202382,2015-02-17 00:00:00,4690000,170223260
202383,WIRE TWP 20 AWG  LB/VT MS7889,PO-012314-202383,2015-02-17 00:00:00,1485000,170223261
202384,WIRE TWP 20 AWG LB/WH MS7889,PO-012314-202384,2015-02-17 00:00:00,4725000,170223262
202386,WIRE TWP 20 AWG OR/LB MS7889,PO-012314-202386,2015-02-17 00:00:00,3745000,170223263
202387,WIRE TWP 20 AWG WT/LB MS7889,PO-012314-202387,2015-02-17 00:00:00,3815000,170223264
203001,TERMINAL;16 AWG 40108060,PO-092713-30,2015-09-25 00:00:00,404750,157334823
203001,TERMINAL;16 AWG 40108060,PO-092713-30,2015-09-25 00:00:00,404750,157334824
203002,TERMINAL;22 AWG 40108061,PO-092713-30,2015-09-25 00:00:00,404750,157334823
203002,TERMINAL;22 AWG 40108061,PO-092713-30,2015-09-25 00:00:00,404750,157334824
203007,CONNECTOR (346027-1),POBK-013014-2030074,2015-07-01 00:00:00,72000,171104714
203008,TERMINAL-AMP 1609274,POBK-013014-203008,2015-07-01 00:00:00,2592000,171104695
203011,WIRE HP3/16 AWG BLACK,POBK-091213-70MS,2014-12-30 00:00:00,99605,155036238
203012,WIRE HP3/16 AWG YELLOW,POBK-091213-7002,2014-12-30 00:00:00,139550,155036543
203013,WIRE HP3/22 AWG BLUE,POBK-091213-7003,2014-12-30 00:00:00,320000,155036556
203015,CONNECTOR DELPHI-PACKARD12052635,POBK-091113-701DF,2014-12-09 00:00:00,3578400,154884292
204030,TERMINAL 174777-1,POBK-013014-204030,2015-07-31 00:00:00,144000,171104758
204031,TERMINAL 175411-1,POBK-013014-204031,2015-07-31 00:00:00,144000,171104750
228-88,RESISTOR (81-7226-3 U.T.),POBK-012914-228-88,2015-06-02 00:00:00,5000,170957806
23032-1011,COMMUTATOR 23032-1011,POBK-091013-03,2014-09-10 00:00:00,5,154732071
23032-1520,SLEEVE ARMATURE SHAFT 23032-1520/D,POBK-093013-03,2014-09-30 00:00:00,400,157790708
23032-1850,LEAD HARNESS 23032-1850/K,POBK-111213-02,2014-11-12 00:00:00,969,163456873
23032-1851,LEAD;HARNESS 23032-1851/K,POBK-112113-04,2014-11-21 00:00:00,500,166409474
23032-1852,LEAD;HARNESS 23032-1852/K,POBK-032614-02,2015-03-26 00:00:00,1000,176732181
23032-2040,MAIN POLE 23032-2040,POBK-050714-01,2015-05-07 00:00:00,60,181449622
23032-2041,MAIN POLE 23032-2041,POBK-051514-01,2015-08-14 00:00:00,2540,182595086
23032-2041,MAIN POLE 23032-2041,POBK-082913-04,2014-08-13 00:00:00,660,152887271
23032-2131,YOKE 23032-2131,POBK-040213-05,2015-08-19 00:00:00,652,136074060
23032-2315,SHAFT ARMATURE 23032-2315,POBK-082913-02,2015-01-21 00:00:00,50,152887242
23032-3630,YOKE 23032-3630/A,POBK-040214-05,2015-08-05 00:00:00,14,177796310
23032-3631,YOKE 23032-3631,POBK-061713-03,2015-08-19 00:00:00,194,144476078
23033-1080,COMMUTATOR 23033-1080,PO-031213-30,2014-08-15 00:00:00,15,134324859
23033-1080,COMMUTATOR 23033-1080,POBK-052314-03,2015-05-22 00:00:00,54,183425665
23046-1000,COMMUTATOR 23046-1000,POBK-020414-05,2015-06-24 00:00:00,150,171833489
23046-1005,COMMUTATOR 23046-1005,POBK-101513-03,2015-02-18 00:00:00,140,159890533
23046-1040,LAM ARMATURE 23046-1040,POBK-040914-05,2015-04-09 00:00:00,90000,178859291
23046-1041,LAM END ARMATURE 23046-1041,POBK-100713-01,2014-10-07 00:00:00,1200,158846250
23046-1050,MAIN POLE 23046-1050/,POBK-061014-01,2015-06-30 00:00:00,580,185918471
23046-1050,MAIN POLE 23046-1050/,POBK-100713-02,2015-01-23 00:00:00,60,158846329
23046-1051,MAINPOLE 23046-1051/,POBK-042114-04,2015-09-24 00:00:00,1820,179610855
23046-1051,MAINPOLE 23046-1051/,POBK-101513-02,2014-10-15 00:00:00,660,159890512
23046-1230,SLEEVE ARMATURE SHAFT 23046-1230,POBK-022814-01,2015-05-19 00:00:00,550,174741718
23046-1310,TERMINAL 23046-1310/C,POBK-080513-04,2014-08-05 00:00:00,380,149024411
23046-1320,LEAD;HARNESS 23046-1320/M,POBK-092313-05,2014-09-23 00:00:00,500,156719023
23046-1321,LEAD HARNESS 23046-1321/M,POBK-011314-05,2015-03-13 00:00:00,1500,169051165
23046-1322,LEAD HARNESS 23046-1322/M,POBK-041614-05,2015-04-16 00:00:00,1500,179343673
23046-1324,LEAD;HARNESS 23046-1324/M,POBK-032114-01,2014-07-15 00:00:00,1200,175967919
23046-1451,YOKE 23046-1451,POBK-041613-01,2015-08-19 00:00:00,172,137775459
23046-1452,YOKE 23046-1452,POBK-040213-08,2015-08-19 00:00:00,364,136074442
23046-2210,SHAFT ARMATURE 23046-2210,PO-032713-34,2014-08-29 00:00:00,56,135523542
23046-2210,SHAFT ARMATURE 23046-2210,POBK-052614-03,2015-09-18 00:00:00,290,183758295
23046-2212,SHAFT ARMATURE 23046-2212,PO-050113-35,2014-09-19 00:00:00,110,139221230
23046-2212,SHAFT ARMATURE 23046-2212,POBK-052614-02,2015-09-21 00:00:00,420,183758293
23047-1247,INTERPOLE INSULATOR 23047-1247/N,POBK-112113-02,2014-11-21 00:00:00,100,164301035
23047-1248,INSULATOR INTERPOLE 23047-1248/N,POBK-052614-05,2015-05-26 00:00:00,2000,183758553
23048-1021,INSULATOR INTERPOLE (23048-1021)/B,POBK-111213-03,2014-11-21 00:00:00,2000,163456950
23065-1041,MAIN POLE 23065-1041/R,POBK-042814-03,2015-06-19 00:00:00,320,180443828
23065-1092,BAND CE 23065-1092,POBK-071913-01,2015-08-17 00:00:00,160,147649076
23065-1093,BAND DE 23065-1093,POBK-071913-03,2015-08-17 00:00:00,200,147649105
23065-1170,RING 23065-1170,POBK-040914-06,2015-04-09 00:00:00,20,178859726
23065-1182,SHAFT 23065-1182,POBK-031914-07,2015-03-19 00:00:00,34,175510697
23065-1300,COMMUTATOR 23065-1300,POBK-032114-02,2015-07-21 00:00:00,200,175967921
23065-1300,COMMUTATOR 23065-1300,POBK-090513-02,2014-09-05 00:00:00,20,153965842
23065-1441,HOUSING 23065-1441,POBK-080613-01,2015-08-20 00:00:00,81,149183797
23065-1445,HOUSING 23065-1445/K,POBK-080613-02,2015-08-19 00:00:00,39,149183812
23065-1722,SHAFT ARMATURE 23065-1722,POBK-012213-08,2014-10-13 00:00:00,30,130865609
23069-1101,TERMINAL 23069-1101/G,POBK-100713-03,2014-10-07 00:00:00,300,158846340
23069-1132,YOKE 23069-1132,POBK-011813-02,2015-08-17 00:00:00,118,130750096
23069-1551,MAIN POLE 23069-1551/T,POBK-022814-02,2015-08-21 00:00:00,800,174741722
23072-1000,COMMUTATOR 23072-1000,POBK-060514-01,2015-10-13 00:00:00,920,185243358
23072-1000,COMMUTATOR 23072-1000,POBK-091013-01,2014-09-15 00:00:00,110,154731273
23073-1014,MAINPOLE 23073-1014/AA,POBK-021014-03,2015-06-24 00:00:00,2789,172563598
23073-1015,MAIN POLE 23073-1015/AA,POBK-050714-02,2015-08-26 00:00:00,320,181449624
23073-1015,MAIN POLE 23073-1015/AA,POBK-091213-03,2014-08-25 00:00:00,28,155036565
23077-1160,HOUSING 23077-1160/C,POBK-040213-09,2015-08-21 00:00:00,97,136074508
23077-1290,LEAD MAIN 23077-1290,POBK-121913-02,2014-12-19 00:00:00,25,166557821
23078-1001,COMMUTATOR 23078-1001,POBK-100213-01,2015-02-23 00:00:00,125,158095454
23078-1231,LEAD MAIN 23078-1231,POBK-032614-03,2015-03-26 00:00:00,79,176732200
23078-1300,SHAFT ARMATURE 23078-1300,POBK-090313-03,2015-04-22 00:00:00,35,153657550
23078-1817,SHAFT 23078-1817,POBK-011314-06,2015-05-20 00:00:00,180,169051175
23079-1250,TERMINAL 23079-1250/D,POBK-053014-01,2015-05-29 00:00:00,1400,184410649
23079-1360,LAM ARMATURE 23079-1360,POBK-040414-01,2015-08-21 00:00:00,13000,178096694
23079-1362,LAM END ARMATURE 23079-1362,POBK-032014-04,2015-05-12 00:00:00,300,175815187
23080-1040,HOUSING 23080-1040,POBK-011813-04,2015-08-19 00:00:00,88,130750197
23080-1043,HOUSING 23080-1043,POBK-012714-01,2015-10-16 00:00:00,13,170664251
23080-1150,HOUSING 23080-1150/K,POBK-080713-01,2015-08-19 00:00:00,72,149339885
23080-1230,HOUSING; ELECTRICAL 23080-1230,POBK-011813-06,2015-08-21 00:00:00,164,130750223
23080-1231,HOUSING 23080-1231/L,POBK-041613-02,2015-08-21 00:00:00,82,137775547
23080-1322,HOUSING;ELECTRICAL ROTATING,POBK-041613-03,2015-08-19 00:00:00,139,137775553
23080-1440,HOUSING 23080-1440/N,POBK-022813-03,2015-08-19 00:00:00,48,133459377
23080-1670,HSG;DC 23080-1670/J,POBK-070213-01,2015-08-19 00:00:00,89,145731288
23080-3020,LAM ARMATURE 23080-3020,POBK-011514-01,2015-03-13 00:00:00,49700,169345475
23080-3021,LAM END ARMATURE 23080-3021,POBK-011514-02,2015-03-27 00:00:00,2115,169345478
23080-3022,LAM END ARMATURE 23080-3022,POBK-081313-07,2014-08-13 00:00:00,300,150519266
23080-3040,SHAFT ARMATURE 23080-3040,POBK-030514-01,2015-06-25 00:00:00,656,175038311
23080-3042,SHAFT ARMATURE 23080-3042,POBK-030113-05,2014-08-19 00:00:00,33,133564347
23080-3043,SHAFT ARMATURE 23080-3043,POBK-040414-02,2015-07-07 00:00:00,60,178096908
23080-3150,RING RETAINING 23080-3150,POBK-061314-02,2015-06-16 00:00:00,1500,186423885
23081-1000,LAM ARMATURE 23081-1000,POBK-022814-03,2015-06-12 00:00:00,109800,174741868
23081-1001,LAM END ARMATURE 23081-1001,POBK-120313-06,2014-12-03 00:00:00,900,165211548
23081-1005,COMMUTATOR 23081-1005/M,POBK-051514-03,2015-09-15 00:00:00,1066,182595264
23081-1005,COMMUTATOR 23081-1005/M,POBK-080913-01,2014-09-15 00:00:00,250,149743917
23081-1112,SHAFT ARMATURE 23081-1112,POBK-111213-04,2015-03-04 00:00:00,300,163456966
23081-1113,SHAFT  23081-1113,POBK-121713-01,2014-12-17 00:00:00,225,166254327
23081-1270,YOKE 23081-1270/J,PO-091613-08,2015-02-23 00:00:00,13,155643525
23081-1760,LEAD 23081-1760/B,POBK-041614-06,2015-04-16 00:00:00,100,179343674
23085-1000,LAM ARMATURE 23085-1000,POBK-060514-02,2015-09-24 00:00:00,90000,185243366
23085-1000,LAM ARMATURE 23085-1000,POBK-101513-04,2014-12-30 00:00:00,27750,159890542
23085-1001,LAM END ARMATURE 23085-1001,POBK-121713-03,2014-12-17 00:00:00,2000,166254413
23085-1002,LAM ARMATURE 23085-1002,POBK-091013-02,2014-09-10 00:00:00,4000,154731303
23085-1007,COMMUTATOR 23085-1007,POBK-051514-02,2015-09-15 00:00:00,792,182595160
23085-1007,COMMUTATOR 23085-1007,POBK-100113-03,2015-01-22 00:00:00,200,157943858
23085-1091,YOKE 23085-1091,POBK-021213-04,2015-08-19 00:00:00,459,132631476
23085-1093,YOKE 23085-1093,POBK-101912-01,2015-08-21 00:00:00,75,122878123
23085-1171,MAINPOLE 23085-1171/R,POBK-022814-04,2014-10-24 00:00:00,144,174741964
23085-1515,HOUSING 23085-1515,POBK-051314-05,2015-09-15 00:00:00,60,182265438
23085-1515,HOUSING 23085-1515,POBK-060713-05,2014-09-22 00:00:00,18,143324976
23085-1516,YOKE 23085-1516,POBK-050713-04,2015-08-21 00:00:00,14,139825235
23085-1982,MAIN POLE 23085-1982/00,POBK-050714-03,2015-08-21 00:00:00,2180,181449678
23085-1982,MAIN POLE 23085-1982/00,POBK-082913-05,2014-08-22 00:00:00,411,152887328
23088-1040,HOUSING 23088-1040,POBK-041613-05,2015-08-19 00:00:00,32,137775578
23088-1101,TERMINAL; STRAP  23088-1101/E,POBK-052614-23088-1101,2015-05-26 00:00:00,200,183758378
23091-1140,HOUSING 23091-1140/K,POBK-101812-02,2015-08-17 00:00:00,144,122780248
23091-1310,LEAD MAIN 23091-1310,POBK-061614-01,2015-06-16 00:00:00,132,186591374
25-1951-3,LENS,POBK-041614-01,2014-11-17 00:00:00,2232,179343339
28-531600,WIRE LEAD15-000038 #16 BL 28-531600,POBK-081913-04,2014-10-24 00:00:00,500,151307144
28-531655,WIRE LEAD28-531655#16BRW[15-000038],POBK-112613-02,2014-12-10 00:00:00,100,164737891
28-532255,WIRE;LEAD 15-000038#22BRN 28-532255,POBK-081913-05,2014-08-19 00:00:00,100,151307147
28-550899,WIRE;LD 15-000046 #08 GRY 28-550899,POBK-021314-03,2015-06-05 00:00:00,950,173000030
28-551699,WIRE LEAD28-551699[15-000046]GR16/B,POBK-121713-04,2014-12-15 00:00:00,2000,166254421
28-551899,LEAD WIRE (15-000046) 28-551899/B,POBK-052714-02,2015-05-27 00:00:00,2300,183924281
28-551899,LEAD WIRE (15-000046) 28-551899/B,POBK-060713-09,2014-07-21 00:00:00,100,143325044
28-552299,WIRE;LEAD;15-000046#22 GR 28-552299,POBK-081313-08,2014-09-16 00:00:00,450,150519280
28-712099,LEAD WIRE 28-712099 MIL W-22759/11,POBK-042914-01,2015-04-29 00:00:00,700,180604134
29-281350,MAGN WIRE 15-038272 HAVY 29-281350,POBK-112613-03,2014-11-26 00:00:00,322,164737901
29-281400,WIRE;M15-038272 HVY#14  29-281400,POBK-050914-01,2014-11-07 00:00:00,400,181775543
29-281850,MAGNET WIRE #18.5 29-281850,POBK-110613-01,2014-11-06 00:00:00,640,162559855
29-281900,MAG. WIRE[15-038272]19AWG 29-281900,POBK-052714-01,2014-11-27 00:00:00,160,183924272
30-620003,MAG WIRE .1019X.1019 30-620003/J,POBK-061014-30-620003,2014-12-31 00:00:00,188,186087541
30-620008,MAGNET WIRE 30-620008,POBK-051214-01,2014-11-12 00:00:00,750,182100253
30-620009,MAG WIRE .162X.162 30-620009/J,POBK-051314-04,2014-11-13 00:00:00,321,182265417
30-620010,MAG WIRE .045X.285 30-620010/J,POBK-020614-08,2014-12-12 00:00:00,200,172127339
30-620020,MAG WIRE .060X.160 30-620020/J,POBK-011414-01,2014-07-14 00:00:00,9700,169198355
30-620026,WIRE MAG 15-038273 (30-620026)/J,POBK-032114-03,2014-09-22 00:00:00,503,175967933
30-620036,MAGNET WIRE 15-038273/30-620036/J,POBK-051214-02,2014-11-12 00:00:00,1250,182100254
30-620037,MAGNET WIRE 30-620037,POBK-051314-02,2014-11-13 00:00:00,500,182265415
30-620040,MAG WIRE 30-620040[15-038273].02X.1,POBK-112613-06,2014-11-26 00:00:00,360,164738593
30-620062,WIRE; MAG 15-038273 (30-620062)/J,POBK-021314-04,2015-04-17 00:00:00,501,173000040
300-130-1,CONECTOR 3 WAY,POBK-061314-300-130-1,2014-12-31 00:00:00,18000,186591478
30059-1029,GROMMET 30059-1029/A,POBK-052014-02,2015-05-20 00:00:00,75,182927306
30076-1037,LAMINATION 30076-1037/H,POBK-012014-01,2015-03-17 00:00:00,600,169930309
30076-1182,BAR (30076-1182)/F,POBK-093013-05,2015-01-15 00:00:00,3000,157791340
30076-2090,STACK STATOR PM 30076-2090/N,POBK-012714-02,2015-01-27 00:00:00,43,170664276
30076-2510,INSULATOR 30076-2510,POBK-012014-03,2015-01-20 00:00:00,4013,169930310
30076-2812,LAMINATION (30076-2812)/B,POBK-021014-04,2015-07-23 00:00:00,8250,172563606
30076-2812,LAMINATION (30076-2812)/B,POBK-021014-04,2015-07-23 00:00:00,8250,172563607
30076-2813,LAMINATION 30076-2813/B,POBK-012014-04,2015-02-13 00:00:00,5500,169930322
30076-2813,LAMINATION 30076-2813/B,POBK-012014-04,2015-02-13 00:00:00,5000,169930314
30076-3090,SUPPORT;COIL 30076-3090,POBK-032614-04,2015-06-23 00:00:00,700,176732202
30086-1001,LAMINATION;ROTOR;MAIN(30086-1001)/B,POBK-110613-02,2014-11-06 00:00:00,2000,162559867
30086-1121,STACK; MAIN STATOR 30086-1121/-,POBK-112613-04,2015-03-26 00:00:00,90,164738116
30086-1330,INSULATOR;POLE 30086-1330/C,POBK-032014-05,2015-05-19 00:00:00,2550,175815514
30086-1331,INSULATOR POLE 30086-1331,POBK-121713-05,2014-12-17 00:00:00,500,166254499
30086-1350,SUPPORT;COIL 30086-1350,POBK-100113-01,2014-10-01 00:00:00,280,157943282
30086-1351,SUPPORT;COIL 30086-1351,POBK-060314-04,2015-06-03 00:00:00,500,184903183
30086-1371,WEDGE;COIL 30086-1371,POBK-042214-04,2015-04-22 00:00:00,1500,179776918
30089-1010,STACK; EXC. STATOR 30089-1010/A,POBK-022814-05,2015-05-08 00:00:00,125,174742003
30089-1010,STACK; EXC. STATOR 30089-1010/A,POBK-022814-05,2015-05-08 00:00:00,125,175355758
30089-1170,STACK ROTOR 30089-1170/A,POBK-102813-02,2014-10-28 00:00:00,37,161547782
30089-1170,STACK ROTOR 30089-1170/A,POBK-102813-02,2014-10-28 00:00:00,17,161397599
30089-1183,END TURN SADDLE 30089-1183,POBK-032614-05,2015-05-01 00:00:00,1100,176732208
30089-1190,SUPPORT BAND 30089-1190/A,POBK-060614-01,2015-06-05 00:00:00,350,185411627
30089-1310,STACK 30089-1310/-,POBK-102813-02,2014-10-28 00:00:00,37,161547782
30089-1310,STACK 30089-1310/-,POBK-102813-02,2014-10-28 00:00:00,17,161397599
30089-1530,STACK PMG STATOR 30089-1530/-,POBK-050714-04,2015-05-11 00:00:00,140,181449689
30089-1570,WEDGE PMG STATOR 30089-1570/A,POBK-051314-06,2015-05-13 00:00:00,4000,182265521
30089-1620,RETAINING CLIP 30089-1620/-,POBK-121713-06,2014-12-17 00:00:00,350,166254538
30089-1640,WEDGE (METAL) OUTER 30089-1640/-,POBK-012114-01,2015-02-13 00:00:00,400,170075293
30089-2010,EXC. ROTOR STACK 30089-2010/-,POBK-022814-05,2015-05-08 00:00:00,125,174742003
30089-2010,EXC. ROTOR STACK 30089-2010/-,POBK-022814-05,2015-05-08 00:00:00,125,175355758
30089-2020,BAND; RETAINING 30089-2020/-,POBK-052114-02,2015-05-22 00:00:00,250,183258974
30089-2020,BAND; RETAINING 30089-2020/-,POBK-083013-01,2014-08-29 00:00:00,40,153041122
30089-2052,WEDGE; EXC. ROTOR 30089-2052/00,POBK-040214-01,2015-05-08 00:00:00,2500,177796099
302009,RANGER LENS (F67B-13783-AA),POBK-061314-302009,2014-12-31 00:00:00,1000,186758378
308070A,INDIVIDUAL CARTON USA,POBK-011614-001,2015-01-16 00:00:00,4200,169491370
308070A,INDIVIDUAL CARTON USA,POBK-011614-001,2015-01-16 00:00:00,4380,169491371
308070A,INDIVIDUAL CARTON USA,POBK-011614-001,2015-01-16 00:00:00,3860,169491367
308070A,INDIVIDUAL CARTON USA,POBK-011614-001,2015-01-16 00:00:00,4380,169491368
308070A,INDIVIDUAL CARTON USA,POBK-011614-001,2015-01-16 00:00:00,2900,169491372
308070A,INDIVIDUAL CARTON USA,POBK-011614-001,2015-01-16 00:00:00,3860,169491373
308070A,INDIVIDUAL CARTON USA,POBK-011614-001,2015-01-16 00:00:00,1525,169491369
308070A,INDIVIDUAL CARTON USA,POBK-011614-001,2015-01-16 00:00:00,1900,169491366
308070A,INDIVIDUAL CARTON USA,POBK-011614-001,2015-01-16 00:00:00,925,169491365
308070A,INDIVIDUAL CARTON USA,POBK-011614-001,2015-01-16 00:00:00,-9100,169491364
308075,CABLE TIE 4IN  NYLON NATURAL (RETAINER),PO-061214-308075,2015-06-12 00:00:00,25000,186255979
308113,SUPPORT   10474549,PO-022714-DF-1,2014-08-04 00:00:00,4000,186758920
308113,SUPPORT   10474549,PO-022714-DF-1,2014-08-04 00:00:00,3400,174595550
308127,GA18 WIRE PURPLE   M3025211,PO-060414-308127,2015-06-04 00:00:00,25000,185071861
308132,GA18 WIRE DARK BLUE  M3025202,PO-032714-308132,2015-03-25 00:00:00,86500,176885250
308134,GA18 WIRE WHITE  M3025208,PO-061114-308134,2015-06-11 00:00:00,25000,186087522
308136,WIRE GPT18 AWG LT BLUE M3025203,PO-030314-308136,2015-02-13 00:00:00,25000,175031098
308142,WIRE GPT18 AWG BLACK  M3025201,PO-061114-308142,2015-06-11 00:00:00,25000,186087523
308144,WIRE GPT18 AWG BROWN  M3025204,PO-061114-308144,2015-06-11 00:00:00,25000,186087524
308162,WHITE BOX W/AC DELCO 275007M,POBK-012714-001,2015-01-27 00:00:00,3728,170664221
308162,WHITE BOX W/AC DELCO 275007M,POBK-012714-001,2015-01-27 00:00:00,2430,170664220
308162,WHITE BOX W/AC DELCO 275007M,POBK-012714-001,2015-01-27 00:00:00,4200,170664219
308162,WHITE BOX W/AC DELCO 275007M,POBK-012714-001,2015-01-27 00:00:00,1800,170664250
308177,CONNECTOR  12004313,PO-022014-308177,2015-02-20 00:00:00,11250,173869098
308191,TERMINAL 12047767,PO-022014-308191,2015-02-20 00:00:00,1606500,173869100
308227,BASE  10474557,PO-022714-DF-1,2014-12-30 00:00:00,6000,186758920
308227,BASE  10474557,PO-022714-DF-1,2014-12-30 00:00:00,5400,174595550
308324,SUPPORT  10473821,POBK-308324-0614,2014-12-31 00:00:00,2000,186423865
308330,COVER 10473816,PO-022814-DF-1,2014-12-31 00:00:00,14185,174741679
308336,WIRE GPT18 AWG LT GREEN  M3025207,PO-040114-308336,2015-04-01 00:00:00,75000,177645047
308338,WIRE GPT18 AWG TAN  M3025213,PO-061114-308338,2015-06-11 00:00:00,25000,186087525
310006,BUTTON 25030963/25030962, MOLD # 89184,POBK-061314-310006,2014-12-31 00:00:00,2000,186591504
310011,HANDLE 25075709 / 25075452, MOLD#89198,POBK-061314-310011,2014-12-31 00:00:00,2000,186591505
310012,SLIDE ASM 25075716,PO-031114-DF,2014-12-31 00:00:00,47500,175202319
310025,CAP 25140913 / 25075741 & 310089,POBK-061314-310025,2014-12-31 00:00:00,1000,186758411
310516,COAST/SET BUTTON  00042129,POBK-061314-310516,2014-12-31 00:00:00,2000,186591336
310595,YELLOW WIRE 190010 MS-5084,PO-030314-310595,2015-03-03 00:00:00,10000,175031525
310596,GREEN WIRE 190010 MS-5083,PO-030314-310596,2015-03-03 00:00:00,10000,175031526
310597,RED WIRE 190010 MS-5082,PO-030314-310597,2015-03-03 00:00:00,10000,175031527
310598,BLUE WIRE 190010 MS-5081,PO-030314-310598,2015-03-03 00:00:00,10000,175031528
311116,CONNECTOR AY062291-0080,POBK-061314-311116,2014-12-31 00:00:00,1000,186591583
31130-1334,STACK; EXCITER ROTOR 31130-1334/-,POBK-041414-01,2015-07-31 00:00:00,108,179016226
31130-1334,STACK; EXCITER ROTOR 31130-1334/-,POBK-041414-01,2015-07-31 00:00:00,108,179177610
31130-1487,STACK ROTOR 31130-1487/A,POBK-042114-02,2015-08-21 00:00:00,100,179609992
31130-1487,STACK ROTOR 31130-1487/A,POBK-091713-02,2014-09-17 00:00:00,12,155795562
31130-1901,LAMINATION STACK 31130-1901,POBK-040414-03,2015-07-31 00:00:00,96,178096910
31130-1901,LAMINATION STACK 31130-1901,POBK-040414-03,2015-07-31 00:00:00,96,179013698
31130-1901,LAMINATION STACK 31130-1901,POBK-080113-02,2014-08-01 00:00:00,11,148592771
31130-1901,LAMINATION STACK 31130-1901,POBK-080113-02,2014-08-01 00:00:00,-1097,148592794
31130-1931,SUPPORT COIL SIDES 31130-1931,POBK-032014-06,2015-05-08 00:00:00,350,175815730
31130-1950,INSULATOR 31130-1950,POBK-032014-07,2015-05-08 00:00:00,330,175815940
31130-1980,INSULATOR 31130-1980,POBK-052614-01,2015-05-26 00:00:00,2000,183758229
31130-1982,INSULATION 31130-1982,POBK-093013-06,2014-09-30 00:00:00,100,157791355
31164-7530,CLIP 31164-7530,POBK-041414-02,2015-04-14 00:00:00,300,179016234
31169-1000,LAMINATION ROTOR MAIN(31169-1000)/H,POBK-052314-01,2015-12-18 00:00:00,28500,183425344
31169-1000,LAMINATION ROTOR MAIN(31169-1000)/H,POBK-052314-01,2015-12-18 00:00:00,28500,183425345
31169-1000,LAMINATION ROTOR MAIN(31169-1000)/H,POBK-121713-07,2014-12-17 00:00:00,12000,166256050
31169-1000,LAMINATION ROTOR MAIN(31169-1000)/H,POBK-121713-07,2014-12-17 00:00:00,8000,166256049
31169-1011,LAMINATION (31169-1011)/D,POBK-021014-05,2015-07-08 00:00:00,5250,172563623
31169-1011,LAMINATION (31169-1011)/D,POBK-021014-05,2015-07-08 00:00:00,4574,172563622
31169-1011,LAMINATION (31169-1011)/D,POBK-041414-01,2015-07-31 00:00:00,8748,179016226
31169-1011,LAMINATION (31169-1011)/D,POBK-041414-01,2015-07-31 00:00:00,8748,179177610
31169-1011,LAMINATION (31169-1011)/D,POBK-111313-02,2014-11-13 00:00:00,1501,163903669
31169-1011,LAMINATION (31169-1011)/D,POBK-111313-02,2014-11-13 00:00:00,1201,163605300
31169-1020,ROTOR LAMINATION 31169-1020,POBK-021014-05,2015-07-08 00:00:00,5250,172563623
31169-1020,ROTOR LAMINATION 31169-1020,POBK-021014-05,2015-07-08 00:00:00,4574,172563622
31169-1030,LAMINATION (31169-1030)/M,POBK-040414-03,2015-07-31 00:00:00,17472,178096910
31169-1030,LAMINATION (31169-1030)/M,POBK-040414-03,2015-07-31 00:00:00,17472,179013698
31169-1030,LAMINATION (31169-1030)/M,POBK-080113-02,2014-08-01 00:00:00,5511,148592771
31169-1030,LAMINATION (31169-1030)/M,POBK-080113-02,2014-08-01 00:00:00,4403,148592794
31169-1152,SUPPORT 31169-1152,POBK-032014-08,2015-05-15 00:00:00,127,175815942
31169-1236,WEDGE 31169-1236,POBK-091213-02,2015-09-23 00:00:00,164,155035965
31169-1271,LEAD HARNESS 31169-1271,POBK-032414-01,2015-05-20 00:00:00,60,176423510
31169-1330,LAMINATION (31169-1330)/E,POBK-042914-02,2015-04-29 00:00:00,4000,180604303
31169-1360,RING 31169-1360,POBK-082013-04,2014-08-20 00:00:00,100,151464283
31169-1495,BAND SUPP;COIL 31169-1495,POBK-061814-02,2015-06-18 00:00:00,140,186923660
31169-1495,BAND SUPP;COIL 31169-1495,POBK-102113-01,2014-10-21 00:00:00,10,160642775
31169-1496,BAND 31169-1496,POBK-102113-02,2014-10-21 00:00:00,40,160642904
31169-1497,BAND 31169-1497,POBK-101513-06,2014-10-15 00:00:00,21,159890794
31169-1535,INSULATOR 31169-1535,POBK-021714-01,2015-07-21 00:00:00,1000,173433127
31169-1536,INSULATOR 31169-1536,POBK-021714-02,2015-07-21 00:00:00,2000,173433128
31169-1537,INSULATOR 31169-1537,POBK-021714-03,2016-02-19 00:00:00,1000,173433131
31169-1845,RING 31169-1845,POBK-040913-03,2015-09-21 00:00:00,84,137039154
31169-1962,BRACKET 31169-1962/C,POBK-120513-02,2014-12-05 00:00:00,300,165504568
31169-1995,WASHER 31169-1995/A,POBK-090313-01,2014-09-03 00:00:00,250,153656638
31169-2020,LAMINATION 31169-2020/G,POBK-052314-01,2015-12-18 00:00:00,28500,183425344
31169-2020,LAMINATION 31169-2020/G,POBK-052314-01,2015-12-18 00:00:00,28500,183425345
31169-2020,LAMINATION 31169-2020/G,POBK-121713-07,2014-12-17 00:00:00,12000,166256050
31169-2020,LAMINATION 31169-2020/G,POBK-121713-07,2014-12-17 00:00:00,8000,166256049
31169-2071,BAR;DAMPER (31169-2071)/B,POBK-092413-03,2014-09-24 00:00:00,2000,156874508
31169-2301,LEAD HARNESS 31169-2301/D,POBK-020614-09,2015-04-07 00:00:00,28,172127404
31169-2350,BRACKET 31169-2350/E,POBK-092413-04,2014-09-24 00:00:00,250,156874613
31200-1040,SUPPORT COIL 31200-1040,POBK-041414-03,2015-07-31 00:00:00,260,179016236
31200-1040,SUPPORT COIL 31200-1040,POBK-080113-03,2014-08-01 00:00:00,10,148592816
31200-1291,SUPPORT EXCITER(MA 31200-1291)/B,POBK-112213-01,2015-02-13 00:00:00,51,164448597
31200-1300,INSULATOR SUPPORT 31200-1300,POBK-061014-02,2015-06-10 00:00:00,800,185918482
31200-1310,LAMINATION (31200-1310)/A,POBK-111313-02,2014-11-13 00:00:00,1501,163903669
31200-1310,LAMINATION (31200-1310)/A,POBK-111313-02,2014-11-13 00:00:00,1201,163605300
31200-1324,STACK EXCITER STATOR (31200-1324),POBK-032014-09,2015-06-30 00:00:00,68,175815947
31200-1490,LEAD;HARNESS 31200-1490/E,POBK-061214-01,2015-06-12 00:00:00,500,186256250
31216-1021,LAMINATION (31216-1021)/H,POBK-021014-04,2015-07-23 00:00:00,8250,172563606
31216-1021,LAMINATION (31216-1021)/H,POBK-021014-04,2015-07-23 00:00:00,8250,172563607
31216-1022,LAMINATION (31216-1022)/H,POBK-012014-04,2015-02-13 00:00:00,5000,169930322
31216-1022,LAMINATION (31216-1022)/H,POBK-012014-04,2015-02-13 00:00:00,4500,169930314
314008,TERMINALS 7D0349-0060,PO-052711-117,2015-01-02 00:00:00,204450,75691657
315028,YAZAKI RETAINER 7147-8976/7147-9607,POBK-100213-68DF,2014-12-30 00:00:00,162000,158097081
315035,CONNECTOR  EPC E-2211,PO-041614-315035,2015-04-16 00:00:00,11000,179343046
31708-1271,SUPPORT 31708-1271/A,POBK-111313-03,2014-11-21 00:00:00,102,163605360
31708-1390,LAMINATION (31708-1390)/C,POBK-042114-03,2015-09-09 00:00:00,10000,179609994
31708-1390,LAMINATION (31708-1390)/C,POBK-042114-03,2015-09-09 00:00:00,10000,179609995
31708-1390,LAMINATION (31708-1390)/C,POBK-101113-01,2014-10-10 00:00:00,5000,159444852
31708-1390,LAMINATION (31708-1390)/C,POBK-101113-01,2014-10-10 00:00:00,2500,159444848
31708-1392,LAM;END;STATOR;M 31708-1392,POBK-020514-02,2015-04-16 00:00:00,50,171980179
31708-1400,LAMINATION (31708-1400)/C,POBK-042114-03,2015-09-09 00:00:00,10000,179609994
31708-1400,LAMINATION (31708-1400)/C,POBK-042114-03,2015-09-09 00:00:00,10000,179609995
31708-1400,LAMINATION (31708-1400)/C,POBK-101113-01,2014-10-10 00:00:00,5000,159444852
31708-1400,LAMINATION (31708-1400)/C,POBK-101113-01,2014-10-10 00:00:00,2500,159444848
31708-1490,INSULATOR;POLE 31708-1490,POBK-102813-03,2014-10-28 00:00:00,500,161398976
31708-1511,SUPPORT;COIL 31708-1511,POBK-041414-04,2015-06-12 00:00:00,400,179016320
31708-1655,SUPP.COIL 31708-1655,POBK-032014-10,2015-03-20 00:00:00,150,175815948
32-140128,WIRE LEAD MIL-W22759/9#22(32-140128,POBK-011414-02,2015-03-13 00:00:00,200,169198357
42400-14-BB,WIRE,PO-021314-42400-14-BB,2015-02-13 00:00:00,597,173000800
42400-16-66,WIRE GPT16 AWG LT BLUE,PO-022614-42400-16-66,2015-02-24 00:00:00,3334,174448950
42400-S14-46,WIRE GPT 14 AWG YELLOW/BLUE,PO-050614-42400-S14-46,2015-05-05 00:00:00,915,181286913
42400-S16-36,WIRE GPT 16 AWG OR / LT BLUE,POBK-012714-42400-S16-36,2015-01-27 00:00:00,1830,170663986
42400-S16-53,WIRE GPT 16 AWG GREEN/ORANGE,PO-022114-42400-S16-53,2015-02-20 00:00:00,3050,174012840
42400-S18-96,WIRE GPT18 AWG WHITE/LT BLUE,PO-050914-42400-S18-96,2015-05-08 00:00:00,1220,181775519
50252-1001,TERMINAL;LUG 50252-1001,POBK-022814-06,2015-04-07 00:00:00,500,174742005
50252-1002,TERMINAL;LUG 50252-1002,POBK-020614-11,2015-04-14 00:00:00,300,172127410
50258-1006,BASE 50258-1006,POBK-050714-05,2015-05-07 00:00:00,600,181449709
50307-1111,HSG;TRANSFORMER 50307-1111,POBK-011414-03,2015-04-14 00:00:00,144,169198359
50866-1030,BLOCK TERMINAL 50866-1030/H,POBK-093013-07,2014-09-30 00:00:00,200,163753828
50866-1030,BLOCK TERMINAL 50866-1030/H,POBK-093013-07,2014-09-30 00:00:00,125,157791362
50866-1111,HOUSING 50866-1111/F,POBK-012814-01,2014-12-16 00:00:00,60,170811628
50866-1130,PLATE 50866-1130,POBK-112113-03,2014-11-21 00:00:00,118,164301121
55-2181-7,LAMP; HALOGEN 28V,POBK-010714-01,2014-07-15 00:00:00,284,168309410
56-692200,SLEEVING[15-014012].18BLK56-692200,POBK-013014-56-692200N,2014-12-31 00:00:00,10500,186423883
56-772200,SLEEVE 15-014023 #7TYPE I 56-772200,POBK-050714-06,2015-05-07 00:00:00,3500,181449714
56-772300,SLEEVING 56-772300 [15-014023#9]/A,POBK-052614-07,2015-05-26 00:00:00,4000,183758711
56-772400,SLEEVING [15-014023]  56-772400/A,POBK-032014-11N,2014-12-31 00:00:00,500,186423867
5905101-004,WIRE GPT 22 AWG OR 19/.35 105 C,PO-050614-5905101-004,2015-05-05 00:00:00,6096,185242711
5905101-004,WIRE GPT 22 AWG OR 19/.35 105 C,PO-050614-5905101-004,2015-05-05 00:00:00,4572,181286917
5905101-013,WIRE GPT 22 AWG TAN 19/.35 105 C,PO-040914-5905101-013,2015-04-09 00:00:00,4572,178859856
60-P,PAD,PO-040214-60-P,2014-12-31 00:00:00,3000,177796150
65-317,*COVER (81-7208-1 U.T.),POBK-061314-65-317,2014-12-31 00:00:00,1200,186758375
675837,WIRE 18GA BLK,POBK-012714-675837,2015-01-27 00:00:00,25000,170663983
70-0382-2,CARRIER,PO-062713-JN03,2014-12-30 00:00:00,1975433,145170232
70-1122-2,COVER,PO-041614-46DF,2014-12-31 00:00:00,1300,179343059
715057,PAD,PS-062514-DF,2014-12-31 00:00:00,500,187917323
715057,PAD,PS-062514-DF,2014-12-31 00:00:00,500,187917321
715057,PAD,PS-062514-DF,2014-12-31 00:00:00,500,187917319
75-5302-1,SWITCH BLOCK,PO-05014-DF1,2014-12-31 00:00:00,1500,180938858
756512,*SWITCH BODY,POBK-0631314-756512,2014-12-31 00:00:00,1000,186591368
80038,INDIVIDUAL BOX,POBK-061614-DF,2014-12-31 00:00:00,1000,186590847
80038,INDIVIDUAL BOX,POBK-061614-DF,2014-12-31 00:00:00,1000,186590848
80055,MASTER CARTON 12.5X9X8.5,PO-043014-80055,2015-04-28 00:00:00,780,180773221
80063,MASTER CARTON 23.25X11X6.25,PO-050914-80063,2014-09-03 00:00:00,640,181775509
80066,SMARFOAM "A" COMPONENT,PO-022414-31,2015-02-24 00:00:00,4200,174303143
80066,SMARFOAM "A" COMPONENT,PO-022414-31,2015-02-24 00:00:00,4000,174303142
80067,SMARFOAM "B" COMPONENT,PO-022414-31,2015-02-24 00:00:00,3600,174303143
80067,SMARFOAM "B" COMPONENT,PO-022414-31,2015-02-24 00:00:00,3400,174303142
80068,FILM SP19 RLL,PO-022414-30,2015-02-24 00:00:00,37800,174303132
80070,MASTER CARTON 10 X18 1/4 X10 1/4,POBK-011614-001,2015-01-16 00:00:00,7300,169491370
80070,MASTER CARTON 10 X18 1/4 X10 1/4,POBK-011614-001,2015-01-16 00:00:00,7480,169491371
80070,MASTER CARTON 10 X18 1/4 X10 1/4,POBK-011614-001,2015-01-16 00:00:00,6960,169491367
80070,MASTER CARTON 10 X18 1/4 X10 1/4,POBK-011614-001,2015-01-16 00:00:00,7480,169491368
80070,MASTER CARTON 10 X18 1/4 X10 1/4,POBK-011614-001,2015-01-16 00:00:00,6000,169491372
80070,MASTER CARTON 10 X18 1/4 X10 1/4,POBK-011614-001,2015-01-16 00:00:00,6960,169491373
80070,MASTER CARTON 10 X18 1/4 X10 1/4,POBK-011614-001,2015-01-16 00:00:00,4625,169491369
80070,MASTER CARTON 10 X18 1/4 X10 1/4,POBK-011614-001,2015-01-16 00:00:00,5000,169491366
80070,MASTER CARTON 10 X18 1/4 X10 1/4,POBK-011614-001,2015-01-16 00:00:00,4025,169491365
80070,MASTER CARTON 10 X18 1/4 X10 1/4,POBK-011614-001,2015-01-16 00:00:00,-6000,169491364
80089,MASTER CARTON INT,POBK-011614-001,2015-01-16 00:00:00,300,169491370
80089,MASTER CARTON INT,POBK-011614-001,2015-01-16 00:00:00,480,169491371
80089,MASTER CARTON INT,POBK-011614-001,2015-01-16 00:00:00,-40,169491367
80089,MASTER CARTON INT,POBK-011614-001,2015-01-16 00:00:00,480,169491368
80089,MASTER CARTON INT,POBK-011614-001,2015-01-16 00:00:00,-1000,169491372
80089,MASTER CARTON INT,POBK-011614-001,2015-01-16 00:00:00,-40,169491373
80089,MASTER CARTON INT,POBK-011614-001,2015-01-16 00:00:00,-2375,169491369
80089,MASTER CARTON INT,POBK-011614-001,2015-01-16 00:00:00,-2000,169491366
80089,MASTER CARTON INT,POBK-011614-001,2015-01-16 00:00:00,-2975,169491365
80089,MASTER CARTON INT,POBK-011614-001,2015-01-16 00:00:00,-13000,169491364
81023,PAD 9.5 X 10.5,POBK-012714-001,2015-01-27 00:00:00,2028,170664221
81023,PAD 9.5 X 10.5,POBK-012714-001,2015-01-27 00:00:00,730,170664220
81023,PAD 9.5 X 10.5,POBK-012714-001,2015-01-27 00:00:00,2500,170664219
81023,PAD 9.5 X 10.5,POBK-012714-001,2015-01-27 00:00:00,100,170664250
81024,MASTER CARTON 12X12X8,POBK-012714-001,2015-01-27 00:00:00,528,170664221
81024,MASTER CARTON 12X12X8,POBK-012714-001,2015-01-27 00:00:00,-770,170664220
81024,MASTER CARTON 12X12X8,POBK-012714-001,2015-01-27 00:00:00,1000,170664219
81024,MASTER CARTON 12X12X8,POBK-012714-001,2015-01-27 00:00:00,-1400,170664250
81030,MASTER CARTON 14X14X10,POBK-011614-001,2015-01-16 00:00:00,8900,169491370
81030,MASTER CARTON 14X14X10,POBK-011614-001,2015-01-16 00:00:00,9080,169491371
81030,MASTER CARTON 14X14X10,POBK-011614-001,2015-01-16 00:00:00,8560,169491367
81030,MASTER CARTON 14X14X10,POBK-011614-001,2015-01-16 00:00:00,9080,169491368
81030,MASTER CARTON 14X14X10,POBK-011614-001,2015-01-16 00:00:00,7600,169491372
81030,MASTER CARTON 14X14X10,POBK-011614-001,2015-01-16 00:00:00,8560,169491373
81030,MASTER CARTON 14X14X10,POBK-011614-001,2015-01-16 00:00:00,6225,169491369
81030,MASTER CARTON 14X14X10,POBK-011614-001,2015-01-16 00:00:00,6600,169491366
81030,MASTER CARTON 14X14X10,POBK-011614-001,2015-01-16 00:00:00,5625,169491365
81030,MASTER CARTON 14X14X10,POBK-011614-001,2015-01-16 00:00:00,-4400,169491364
81031,PAD 13 3/4  X  13 3/4,POBK-011614-001,2015-01-16 00:00:00,29300,169491370
81031,PAD 13 3/4  X  13 3/4,POBK-011614-001,2015-01-16 00:00:00,29480,169491371
81031,PAD 13 3/4  X  13 3/4,POBK-011614-001,2015-01-16 00:00:00,28960,169491367
81031,PAD 13 3/4  X  13 3/4,POBK-011614-001,2015-01-16 00:00:00,29480,169491368
81031,PAD 13 3/4  X  13 3/4,POBK-011614-001,2015-01-16 00:00:00,28000,169491372
81031,PAD 13 3/4  X  13 3/4,POBK-011614-001,2015-01-16 00:00:00,28960,169491373
81031,PAD 13 3/4  X  13 3/4,POBK-011614-001,2015-01-16 00:00:00,26625,169491369
81031,PAD 13 3/4  X  13 3/4,POBK-011614-001,2015-01-16 00:00:00,27000,169491366
81031,PAD 13 3/4  X  13 3/4,POBK-011614-001,2015-01-16 00:00:00,26025,169491365
81031,PAD 13 3/4  X  13 3/4,POBK-011614-001,2015-01-16 00:00:00,16000,169491364
81042,HOLDERS,POBK-011614-001,2015-01-16 00:00:00,4300,169491370
81042,HOLDERS,POBK-011614-001,2015-01-16 00:00:00,4480,169491371
81042,HOLDERS,POBK-011614-001,2015-01-16 00:00:00,3960,169491367
81042,HOLDERS,POBK-011614-001,2015-01-16 00:00:00,4480,169491368
81042,HOLDERS,POBK-011614-001,2015-01-16 00:00:00,3000,169491372
81042,HOLDERS,POBK-011614-001,2015-01-16 00:00:00,3960,169491373
81042,HOLDERS,POBK-011614-001,2015-01-16 00:00:00,1625,169491369
81042,HOLDERS,POBK-011614-001,2015-01-16 00:00:00,2000,169491366
81042,HOLDERS,POBK-011614-001,2015-01-16 00:00:00,1025,169491365
81042,HOLDERS,POBK-011614-001,2015-01-16 00:00:00,-9000,169491364
81044,MASTER CARTON,POBK-011614-001,2015-01-16 00:00:00,700,169491370
81044,MASTER CARTON,POBK-011614-001,2015-01-16 00:00:00,880,169491371
81044,MASTER CARTON,POBK-011614-001,2015-01-16 00:00:00,360,169491367
81044,MASTER CARTON,POBK-011614-001,2015-01-16 00:00:00,880,169491368
81044,MASTER CARTON,POBK-011614-001,2015-01-16 00:00:00,-600,169491372
81044,MASTER CARTON,POBK-011614-001,2015-01-16 00:00:00,360,169491373
81044,MASTER CARTON,POBK-011614-001,2015-01-16 00:00:00,-1975,169491369
81044,MASTER CARTON,POBK-011614-001,2015-01-16 00:00:00,-1600,169491366
81044,MASTER CARTON,POBK-011614-001,2015-01-16 00:00:00,-2575,169491365
81044,MASTER CARTON,POBK-011614-001,2015-01-16 00:00:00,-12600,169491364
81045,MASTER CARTON 8X8X8 1/2,POBK-012714-001,2015-01-27 00:00:00,8928,170664221
81045,MASTER CARTON 8X8X8 1/2,POBK-012714-001,2015-01-27 00:00:00,7630,170664220
81045,MASTER CARTON 8X8X8 1/2,POBK-012714-001,2015-01-27 00:00:00,9400,170664219
81045,MASTER CARTON 8X8X8 1/2,POBK-012714-001,2015-01-27 00:00:00,7000,170664250
826020,*SPACER,POBK-061614-826020,2014-12-31 00:00:00,3582,186590823
826022,826024 AUX COVER,POBK-061314-826022,2014-12-31 00:00:00,2000,186591476
826024,AUXILARY COVER,POBK-061314-826024,2014-12-31 00:00:00,3000,186758382
826030,RET CP/CONT BLK,POBK-826030-0614,2014-12-31 00:00:00,5584,186423870
826040,CONTACT BLOCK/TX8431/TX1124,POBK-061314-826040,2014-12-31 00:00:00,2000,186591584
826127,TERM HOUSING PACKARD 12010973,POBK-012914-826127,2015-04-07 00:00:00,2400,170958429
826402,*ACTUATOR,POBK-061314-826402,2014-12-31 00:00:00,3000,186591041
826454,TERMINAL RING 12103506,PO-032414-826454,2015-03-25 00:00:00,3000,176423704
8305-123,CARTON,POBK-011614-001,2015-01-16 00:00:00,1300,169491370
8305-123,CARTON,POBK-011614-001,2015-01-16 00:00:00,1480,169491371
8305-123,CARTON,POBK-011614-001,2015-01-16 00:00:00,960,169491367
8305-123,CARTON,POBK-011614-001,2015-01-16 00:00:00,1480,169491368
8305-123,CARTON,POBK-011614-001,2015-01-16 00:00:00,0,169491372
8305-123,CARTON,POBK-011614-001,2015-01-16 00:00:00,960,169491373
8305-123,CARTON,POBK-011614-001,2015-01-16 00:00:00,-1375,169491369
8305-123,CARTON,POBK-011614-001,2015-01-16 00:00:00,-1000,169491366
8305-123,CARTON,POBK-011614-001,2015-01-16 00:00:00,-1975,169491365
8305-123,CARTON,POBK-011614-001,2015-01-16 00:00:00,-12000,169491364
8305-PTN,PARTITION/CELL,POBK-011614-001,2015-01-16 00:00:00,1800,169491370
8305-PTN,PARTITION/CELL,POBK-011614-001,2015-01-16 00:00:00,1980,169491371
8305-PTN,PARTITION/CELL,POBK-011614-001,2015-01-16 00:00:00,1460,169491367
8305-PTN,PARTITION/CELL,POBK-011614-001,2015-01-16 00:00:00,1980,169491368
8305-PTN,PARTITION/CELL,POBK-011614-001,2015-01-16 00:00:00,500,169491372
8305-PTN,PARTITION/CELL,POBK-011614-001,2015-01-16 00:00:00,1460,169491373
8305-PTN,PARTITION/CELL,POBK-011614-001,2015-01-16 00:00:00,-875,169491369
8305-PTN,PARTITION/CELL,POBK-011614-001,2015-01-16 00:00:00,-500,169491366
8305-PTN,PARTITION/CELL,POBK-011614-001,2015-01-16 00:00:00,-1475,169491365
8305-PTN,PARTITION/CELL,POBK-011614-001,2015-01-16 00:00:00,-11500,169491364
85000,MASTER CARTON 10 1/4 X10 1/4 X 10 1/2,POBK-011614-001,2015-01-16 00:00:00,3300,169491370
85000,MASTER CARTON 10 1/4 X10 1/4 X 10 1/2,POBK-011614-001,2015-01-16 00:00:00,3480,169491371
85000,MASTER CARTON 10 1/4 X10 1/4 X 10 1/2,POBK-011614-001,2015-01-16 00:00:00,2960,169491367
85000,MASTER CARTON 10 1/4 X10 1/4 X 10 1/2,POBK-011614-001,2015-01-16 00:00:00,3480,169491368
85000,MASTER CARTON 10 1/4 X10 1/4 X 10 1/2,POBK-011614-001,2015-01-16 00:00:00,2000,169491372
85000,MASTER CARTON 10 1/4 X10 1/4 X 10 1/2,POBK-011614-001,2015-01-16 00:00:00,2960,169491373
85000,MASTER CARTON 10 1/4 X10 1/4 X 10 1/2,POBK-011614-001,2015-01-16 00:00:00,625,169491369
85000,MASTER CARTON 10 1/4 X10 1/4 X 10 1/2,POBK-011614-001,2015-01-16 00:00:00,1000,169491366
85000,MASTER CARTON 10 1/4 X10 1/4 X 10 1/2,POBK-011614-001,2015-01-16 00:00:00,25,169491365
85000,MASTER CARTON 10 1/4 X10 1/4 X 10 1/2,POBK-011614-001,2015-01-16 00:00:00,-10000,169491364
86-8342-1,FINGER T/S DET.,PO-022614-DF-4,2014-12-31 00:00:00,81999,174450167
86-8343-1,ROLLER DETENT,PO-121913-30,2014-12-19 00:00:00,20000,166557781
86-8347-2,CAM CANCEL,POBK-061614-86-8347-2,2014-12-31 00:00:00,10600,186591304
86-8348-1,PAWL,P0-050614-DF-1,2014-12-31 00:00:00,999999,181286234
89-8319-2,CARRIER-HAZARD WARNING,POBK-061314-89-8319-2,2014-12-31 00:00:00,3200,186591833
90-0060-19,SPRING,PO-120811-110,2015-01-07 00:00:00,75000,96048850
90-0060-2,SPRING,PO-100313-34,2015-01-02 00:00:00,75000,158248986
90-0060-4,SPRING,PO-040914-30,2015-04-09 00:00:00,50000,178858512
90-0322-1,TERMINAL BLOCK,POBK-061314-90-0322-1,2014-12-31 00:00:00,2000,186758384
90-0329-1,HOUSING,POBK-061314-90-0329-1,2014-12-31 00:00:00,2000,186758385
90-8302-1,BODY NON-ELECTRIC,POBK-061314-90-8302-1,2014-12-31 00:00:00,9000,186591480
90-8302-2,BODY-ELECTRIC,POBK-90-8302-2-0614,2014-12-31 00:00:00,9847,186423872
90-8316-1,CARRIER BEAM SELECTOR,POBK-061314-90-8316-1,2014-12-31 00:00:00,10500,186591481
90-8319-2,CARRIER; HAZARD WARNING,POBK-90-8319-2-0614,2014-12-31 00:00:00,7400,186423861
90-8323-1,CARRIER TURN SIGNAL,POBK-061314-90-8323-1,2014-12-31 00:00:00,6000,187087880
90-8344-2,CAP; BLACK,POBK-061614-90-8344-2,2014-12-31 00:00:00,12000,186591331
90-8351-1,HOUSING,POBK-90-8351-1-0614,2014-12-31 00:00:00,9975,186423873
90-8388-1,PLUNGER;BRASS,PO-072213-32,2014-07-22 00:00:00,40000,147649238
91-0060-26,SPRING,PO-042214-33,2015-04-22 00:00:00,36487,179777482
91-8333-1,ACTUATOR,POBK-91-8333-1-0614,2014-12-31 00:00:00,12000,186423858
91-8384-2,CIRCUIT BOARD ASSEMBLY,POBK-012914-91-8384-2,2015-06-02 00:00:00,40500,170957815
91-8394-1,KNOB CASE,POBK-061314-91-8394-1,2014-12-31 00:00:00,1000,186922846
91-8394-3,KNOB CASE,POBK-061314-91-8394-3,2014-12-31 00:00:00,7000,186591484
92-0060-11,SPRING,PO-042214-34,2015-04-22 00:00:00,30000,179777483
92-0332-1,SHIPPING PIN,POBK-061314-92-0332-1,2014-12-31 00:00:00,5000,186591595
92-0371-1,HOUSING,PO-102113-47DF,2014-12-30 00:00:00,99983249,160643054
92-0371-2,HOUSING GREEN,POBK-061914-92-0371-2,2014-12-31 00:00:00,2500,187088049
92-8302-1,BODY,POBK-061314-92-8302-1,2014-12-31 00:00:00,1000,186591597
92-8398-2,HANDLE,POBK-061314-92-8398-2,2014-12-31 00:00:00,1000,186591598
92-8399-2,HUB,POBK-061314-92-8399-2,2014-12-31 00:00:00,1000,186591599
933136,WIRE GPT18 AWG BROWN ST65,PO-021714-933136,2015-02-13 00:00:00,2501,173433143
933401,COVER; PULSE BASE,POBK-061314-933401,2014-12-31 00:00:00,1000,186591831
933436,*DIMER PIVOT,POBK-933436-0614,2014-12-31 00:00:00,5300,186423860
933448,*STD BLK BASE,POBK-061314-933448,2014-12-31 00:00:00,6241,186591585
933466,PIVOT COVER,POBK-061314-933466,2014-12-31 00:00:00,6000,186591503
933466,PIVOT COVER,PS-053014-933466,2014-12-31 00:00:00,8000,186591502
933500,*WASH CARRIER,POBK-061314-933500,2014-12-31 00:00:00,9000,186591586
933502,WHITE WIRE GA 18 ST 65,PO-061214-933502,2015-06-10 00:00:00,25000,186255989
933504,WIRE GPT18 AWG PINK 65 ST,PO-032714-933504,2015-03-27 00:00:00,25000,176885249
933506,WIRE 18 AWG GRAY 65 STDS,PO-060614-933506,2015-06-05 00:00:00,100000,185411452
933508,WIRE 18 AWG PURPLE 65 STDS,PO-061314-933508,2014-12-31 00:00:00,25000,186423592
933510,WIRE 18 AWG YELLOW 65 STNDS,PO-061014-933510,2014-12-31 00:00:00,25000,185919538
933510,WIRE 18 AWG YELLOW 65 STNDS,PO-061214-933510,2015-06-12 00:00:00,25000,186255990
933562,* STRN RELIEF,POBK-061314-933562,2014-12-31 00:00:00,8000,186591587
934039,ACTUATOR; MED (MLDG),POBK-061314-934039,2014-12-31 00:00:00,1000,186591832
934115,*VALOX BLACK DR-48-BK1066,PO-081313-JN25,2014-08-13 00:00:00,3900,150520069
94-8532-1,CANCEL PAWL,PO-042514-DF,2014-12-31 00:00:00,5000,180110116
95-1658-1,CIRCUIT BOARD ASSEMBLY,PO-031114-95-1658-1,2015-03-03 00:00:00,21000,184247900
95-1661-1,BASE,POBK-061314-95-1661-1,2014-12-31 00:00:00,1000,186591591
95-7583-1,CARRIER,PO-032113-JN03,2014-12-31 00:00:00,3465,134875330
95-8331-1,HANDLE,POBK-061314-95-8331-1,2014-12-31 00:00:00,2000,186758383
95-8332-1,HANDLE,POBK-061314-95-8332-1,2014-12-31 00:00:00,1000,186758376
95-8338-2,KNOB CASE,POBK-061614-95-8338-2,2014-12-31 00:00:00,8000,186591492
950032,*RUBBER GASKET,PO-032414-950032,2015-03-25 00:00:00,12000,176423519
950073,*MASTER CARTON 53/4X14X141/2,PO-050714-950073,2014-09-05 00:00:00,300,181449702
950073,*MASTER CARTON 53/4X14X141/2,PS-062514-DF,2014-12-31 00:00:00,295,187917323
950073,*MASTER CARTON 53/4X14X141/2,PS-062514-DF,2014-12-31 00:00:00,295,187917321
950073,*MASTER CARTON 53/4X14X141/2,PS-062514-DF,2014-12-31 00:00:00,295,187917319
950074,*CELL PARTITION,PS-062514-DF,2014-12-31 00:00:00,100,187917323
950074,*CELL PARTITION,PS-062514-DF,2014-12-31 00:00:00,100,187917321
950074,*CELL PARTITION,PS-062514-DF,2014-12-31 00:00:00,100,187917319
950104,*BOBBIN,PO-021515-950104,2015-02-13 00:00:00,7300,173288368
950117,WIRE; MAG 21.5GA,POBK-013114-950117,2015-04-01 00:00:00,5000,171250211
96-1651-4,CASE #063 A000-BK,POBK-061314-96-1651-4,2014-12-31 00:00:00,1000,186758386
96-8331-2,HANDLE,POBK-96-8331-2-0614,2014-12-31 00:00:00,10000,186423864
96-8397-1,COVER,POBK-96-8397-1-0614,2014-12-31 00:00:00,6000,186423875
97-0366-2,TERMINAL & CONTACT ASSEMBLY,POBK-040214-DF,2014-12-31 00:00:00,920,177796098
97-0967-1,CIRCUIT PLATE (INSERT MOLDED),PO-021514-97-0967-1,2015-03-13 00:00:00,6000,175967956
97-8217-1,CARRIER-T/S,PO-022614-DF02,2014-12-31 00:00:00,998499,174450120
97-8227-1,CARRIER; DIMMER,PO-021514-97-8227-1,2015-02-13 00:00:00,8000,173288370
97-8252-1,CARRIER TILT,PO-021514-97-8252-1,2015-02-13 00:00:00,8000,173288371
97-8258-1,PLUNGER DIMMER DETENT,PO-021514-97-8258-1,2015-02-13 00:00:00,8000,173288372
97-8352-1,REAR WIPER RING,POBK-061314-97-8352-1,2014-12-31 00:00:00,1000,186758377
97-8353-1,RING; FUNCTION,POBK-061314-97-8353-1,2014-12-31 00:00:00,1000,186922834
98-0621-1,COVER;BUTTOM,PO-050614-DF-2,2014-12-31 00:00:00,99999,181286235
98-0627-1,RETEINER,PO-050614-DF-3,2014-12-31 00:00:00,99999,181286237
98-0628-1,PCB/RESISTOR ASSEMBLY,POBK-012914-98-0628-1,2015-06-02 00:00:00,1022,170957808
98-0638-1,CARRIER - ROLLER,PO-111312-JN03,2014-12-31 00:00:00,95500,124632383
98-0639-1,ROLLER - CONTACTOR,PO-021514-98-0693-1,2015-02-13 00:00:00,24000,173288375
98-7318-1,PC BOARD ASSEMBLY,PO-021314-98-7318-1,2015-02-13 00:00:00,200,173000426
99-8382-1,FINGER DETENT DIMMER,PO-022614-DF-1,2014-12-31 00:00:00,949999,174450132
FA5571,RECEPTACLE,POBK-062614-01,2015-06-26 00:00:00,6000,188081313
FPS-2L,BOX COVER,PO-040214-FPS-2L,2014-12-31 00:00:00,628,177796152
FPS-5PD,PAD,PO-042914-FPS-5PD,2014-07-29 00:00:00,1000,180603232
M23053-5-105-0,TUBING,POBK-062514-03,2015-06-25 00:00:00,1000,187917434
MS21209C0610,HELI-COIL (MS21209C0610)/00,POBK-021414-01,2015-06-05 00:00:00,1000,173144871
MS24694-S51,SCREW MS24694-S51/ NASM24694,POBK-021314-07,2015-10-27 00:00:00,8500,173000395
P93302,*MASTER CARTON,PO-043014-P93302,2015-04-28 00:00:00,1050,180773223
P93307,PAD,PO-032814-P93307,2015-03-27 00:00:00,585,177037827
WI-2221,WIRE WHITE 18 AWG,POBK-062514-04,2015-06-25 00:00:00,15000,187917435
205011,UPPER HOUSING/G,PO-010214-PLDF,2014-12-30 00:00:00,999629615,167749929
205012,MOVING CONTACT/C,PO-121411-110,2015-01-30 00:00:00,298703,96372977
205013,TERMINAL LEFT STATIONARY/E,PO-032211-03,2014-12-31 00:00:00,310290,89609620
205013,TERMINAL LEFT STATIONARY/E,PO-032211-03,2014-12-31 00:00:00,292897,89609960
205014,TERMINAL RIGHT STATIONARY/E,PO-032211-03,2014-12-31 00:00:00,310290,89609620
205014,TERMINAL RIGHT STATIONARY/E,PO-032211-03,2014-12-31 00:00:00,292897,89609960
205022,TERMINAL REAR STATIONARY/E,PO-120111-104,2014-12-05 00:00:00,273348,95399932
205015,TERMINAL/E,PO-102411-102,2015-01-02 00:00:00,449024,91662662
205010,LOWER HOUSING/F,PO-101113-PL04DF,2014-12-30 00:00:00,99413487,159444170
205003,MAGWIRE33AWG/1RL=44;464FTSGP/MR200,POBK-090913-04,2014-12-31 00:00:00,185752,154578455
205004,TERMINAL LEFT KONTEK/C,PO-021413-32,2015-02-20 00:00:00,539200,133144001
205004,TERMINAL LEFT KONTEK/C,PO-021413-32,2015-02-20 00:00:00,539200,133144002
205004,TERMINAL LEFT KONTEK/C,PO-021413-32,2015-02-20 00:00:00,519250,133144003
205004,TERMINAL LEFT KONTEK/C,PO-021413-32,2015-02-20 00:00:00,511300,133144072
205005,TERMINAL RIGHT KONTEK/C,PO-021413-32,2015-02-20 00:00:00,539200,133144001
205005,TERMINAL RIGHT KONTEK/C,PO-021413-32,2015-02-20 00:00:00,539200,133144002
205005,TERMINAL RIGHT KONTEK/C,PO-021413-32,2015-02-20 00:00:00,519250,133144003
205005,TERMINAL RIGHT KONTEK/C,PO-021413-32,2015-02-20 00:00:00,511300,133144072
205006,TERMINAL WIRE TO WIRE/D,PO-021413-32,2015-02-20 00:00:00,539200,133144001
205006,TERMINAL WIRE TO WIRE/D,PO-021413-32,2015-02-20 00:00:00,539200,133144002
205006,TERMINAL WIRE TO WIRE/D,PO-021413-32,2015-02-20 00:00:00,519250,133144003
205006,TERMINAL WIRE TO WIRE/D,PO-021413-32,2015-02-20 00:00:00,511300,133144072
205007,LEAD LOCK KONTEK/D,PO-021413-32,2015-02-20 00:00:00,539200,133144001
205007,LEAD LOCK KONTEK/D,PO-021413-32,2015-02-20 00:00:00,539200,133144002
205007,LEAD LOCK KONTEK/D,PO-021413-32,2015-02-20 00:00:00,519250,133144003
205007,LEAD LOCK KONTEK/D,PO-021413-32,2015-02-20 00:00:00,511300,133144072
205017,PLUNGER/K,PO-072213-33,2014-12-22 00:00:00,149610,147649539
205018,PIN/C,PO-082913-30,2014-08-29 00:00:00,170000,152731958
205019,SHAFT THRU/J,PO-0613100-100,2014-10-31 00:00:00,234510,77932575
205021,FLUX COLLECTOR/H,PO-100311-100,2014-10-10 00:00:00,362924,90474833
205023,STOP DISC/F,PO-112513-52DF,2014-12-30 00:00:00,999630551,164737326
205025,HOUSING COIL/D,PO-060611-120,2015-06-19 00:00:00,752146,78052692
205026,SLEEVE/B1,PO-100309-02,2015-06-19 00:00:00,333850,32219171
205027,COVER/K,PO-071813-JN01,2014-12-31 00:00:00,99124570,147534989
205028,CONNECTOR/G,PO-011513-JN18,2014-12-30 00:00:00,98856267,130440903
205008,RESISTOR 240 OHM/C,POBK-090913-06,2014-12-09 00:00:00,380000,154578477
205020,SPRING/E,PO-100912-33,2015-05-08 00:00:00,535600,122017696
205024,OVERRIDE BUTTON/E,PO-011513-JN16,2014-12-30 00:00:00,998910100,130440794
201114,PCB ASSY,POBK-012914-201114,2015-07-01 00:00:00,147000,170957803
201141,BUTTON; TOW HAUL,PO-051314-201141,2014-12-31 00:00:00,999903999,182264557
201142,ACTUATOR GUIDE,PO-051314-201142,2014-12-31 00:00:00,9933999,182264560
201143,HEADER; TOWL HAUL; BEZEL,PO-101013-PL01DF,2014-12-31 00:00:00,9434261,159295531
201144,2 WAY BLUE CONNECTOR 47378-07,PO-031213-JN01,2014-12-30 00:00:00,98799999,134324883
201145,ELASTOMERIC PAD,POBK-091313-671DF,2015-02-13 00:00:00,1490000,156717121
201146,TERMINAL; RIGHT,PO-040313-30,2014-10-03 00:00:00,411446,136184423
201146,TERMINAL; RIGHT,PO-040313-30,2014-10-03 00:00:00,401055,136184424
201147,TERMINAL LEFT,PO-040313-30,2014-10-03 00:00:00,411446,136184423
201147,TERMINAL LEFT,PO-040313-30,2014-10-03 00:00:00,401055,136184424
201202,ACTUADOR GUIDE, 3PIN,PO-051314-201202,2014-12-31 00:00:00,9999999,182264561
201202,ACTUADOR GUIDE, 3PIN,PO-072513-13,2014-06-30 00:00:00,401723,147981927
201203,CIRCUIT BOARD; 3 PIN,POBK-012814-201203,2015-06-05 00:00:00,780120,170811688
201204,3 WAY GREEN CONNECTOR 47378-09,PO-112013-67DF,2014-12-30 00:00:00,99717832,164152512
201205,BUTTON; 473 SACOMA,PO-051314-201205,2014-12-31 00:00:00,99999999,182264559
2805513-1,SHAFT,POBK-040914-02,2015-04-09 00:00:00,150,178858522
516847-12,SHAFT,POBK-121313-03,2014-12-12 00:00:00,25,185918504
516847-146,SHAFT,POBK-110713-01,2014-12-31 00:00:00,150,162709224
516854-5,SHAFT,PO-072313-HW02,2014-12-31 00:00:00,236,170664034
2715127-1,STACK ALUMINUM CASTED ROTOR,POBK-121313-01,2015-12-11 00:00:00,279,174303188
606638-1,STACK ALUMINUM CASTED ROTOR,POBK-042314-03,2015-04-23 00:00:00,100,179942920
2715129-1,LAMINATION,POBK-030714-01,2015-03-04 00:00:00,6500,175047499
518029-3,LAMINATION,POBK-042314-04,2015-04-23 00:00:00,20000,179943227
606629-1,SHAFT,POBK-040914-04,2015-04-09 00:00:00,130,178858536
2805578-1,SHAFT,POBK-010714-03,2015-07-07 00:00:00,241,174303184
2714569-1,STACK ALUMINUM CASTED ROTOR,POBK-010714-02,2015-02-24 00:00:00,413,174303163
203231,TERMINAL 40097358,PO-020812-101,2014-12-26 00:00:00,1120446,101710385
203231,TERMINAL 40097358,PO-020812-101,2014-12-26 00:00:00,1112662,101710384
203231,TERMINAL 40097358,PO-020812-101,2014-12-26 00:00:00,91019,101710383
203232,TERMINAL 40097361,PO-020812-101,2014-12-26 00:00:00,120446,101710385
203232,TERMINAL 40097361,PO-020812-101,2014-12-26 00:00:00,112662,101710384
203232,TERMINAL 40097361,PO-020812-101,2014-12-26 00:00:00,-908981,101710383
203233,TERMINAL 40097362,PO-020812-101,2014-12-26 00:00:00,120446,101710385
203233,TERMINAL 40097362,PO-020812-101,2014-12-26 00:00:00,112662,101710384
203233,TERMINAL 40097362,PO-020812-101,2014-12-26 00:00:00,-908981,101710383
515238-1,BAR ROTOR,POBK-042314-01,2015-04-23 00:00:00,1200,179942552
205037,MOVING CONTACT PLUNGER/C,PO-010214-DF08,2014-12-30 00:00:00,9672999,167749984
B14129XF,CONTACT TURN SIGNAL,PO-082913-JN07,2014-12-31 00:00:00,5500,152887252
A14415XM,HAZARD SLIDER COVER,PS-053014-A14415XM,2014-12-31 00:00:00,2000,186591500
B14923XX,SPRING,PS-052214-30,2015-05-22 00:00:00,30000,183258664
A14142XJ,SLIDE C/O,PS-053014-A14142XJ,2014-12-31 00:00:00,3000,186591499
B14146XG,CONTACT CARRIER C/O,PO-112513-05DF1,2014-12-30 00:00:00,997999,172127120
B16237XB,SPRING LIGHTING SLIDE CONTACT,PS-051214-30,2015-05-12 00:00:00,40000,182101247
A14120XJ,ROTOR T/S,POBK-061314-A14120XJ,2014-12-31 00:00:00,2000,186591834
A14122XX,PLUNGER CENTER,POBK-061614-A14122XX,2014-12-31 00:00:00,7000,186591332
B14121XD,PLUNGER T/S,PO-101812-JN05,2014-12-31 00:00:00,11200,122780203
B14309XX,SPRING,PO-061314-34,2015-06-12 00:00:00,10000,186423712
B18678XB,SPRING,PS-051214-31,2015-05-12 00:00:00,30000,182101248
A14125XG,COVER,POBK-061614-A14125XG,2014-12-31 00:00:00,3512,186591498
A18146XX,PLATE PAWL SUPPORT,POBK-061314-A18146XX,2014-12-31 00:00:00,5000,186591333
B15553XG,PCB DIMMER BARE BD,PO-052014-B15553XG,2015-05-20 00:00:00,4000,182927542
B14109XM2,LEVER MOULDING T/S TAMPO,PO-021114-B14109XM2,2015-02-11 00:00:00,7000,172710875
B14496XX,RECEPTACLE (925014-1 TYCO),POBK-012914-B14496XX,2015-11-24 00:00:00,10000,170958424
B15030XD1,KNOB CASE INNER TAMPO TJ,PO-021114-B15030XD1,2015-02-11 00:00:00,1000,172710870
B15280XC1,FIXED RING MFCTN,PO-021114-B15280XC1,2015-02-11 00:00:00,1000000,172710863
B04986XX,SCREW DRIVE,PO-111913-31,2014-11-19 00:00:00,12500,164003743
B14413XJ6,KNOB CASE OUTER TAMPO,PO-021114-B14413XJ6,2015-02-11 00:00:00,6000,172710868
B14202XK1,FIXED RING TAMPO PL PT,PO-021114-B14202XK1,2015-02-11 00:00:00,2000,172710874
B13592XP1,KNOB CASE INNER TAMPO PT,PO-021114-B13592XP1,2015-02-11 00:00:00,10000,172710876
B14514XG2,LEVER TAMPO,PO-021114-B14514XG2,2015-02-11 00:00:00,9000,172710878
B14518XE,DRIVE MOLD,PO-021114-B14518XE,2015-02-10 00:00:00,155000,172710018
A13511XM,BODY,POBK-061314-A13511XM,2014-12-31 00:00:00,1000,186758380
A13513XM,BASE,PS-053014-A13513XM,2014-12-31 00:00:00,1000,186591501
A13952XX,PLUNGER,POBK-061314-A13952XX,2014-12-31 00:00:00,1000,186758388
A13953XX,PLUNGER,POBK-061314-A13953XX,2014-12-31 00:00:00,1000,186758387
A17291XB,3 WAY CONNECTOR,POBK-061314-A17291XB,2014-12-31 00:00:00,1000,186922835
B13502XD,CANCEL PAWL,PO-021114-B13502XD,2015-02-11 00:00:00,500,172710866
B13512XK,ROTOR M/F WJ,PO-021114-B13512XK,2015-02-11 00:00:00,3000,172710872
B13576XH,DRIVE MOULDING,PO-021114-B13576XH,2015-02-11 00:00:00,1000,172710871
B13578XG,LIGHTING SLIDE C/O,PO-021114-B13578XG,2015-02-11 00:00:00,2200,172710873
B15106XH,PCB-WJ M/F (MDF772C),PO-031114-B15106XH,2015-05-21 00:00:00,5400,179174753
B13599XJ,DRIVE MOLD FR FOG,PO-021114-B13599XJ,2015-02-11 00:00:00,2500,172710869
203240,WIRE BELDEN UL AWM 1213,POBK-013014-203240,2015-09-01 00:00:00,252000,171104229
203241,TERMINAL 28164944,PO-021413-31,2015-02-13 00:00:00,251252,132836664
201234,PET BRAIDED SLEEVING,PO-040214-201234,2015-03-31 00:00:00,492000,177644799
B13510XM,ROTOR-WIPER WJ,PO-021114-B13510XM,2015-02-10 00:00:00,99000,172710016
516736XF1,PCB-CS M/F,POBK-012914-516736XF1,2015-06-02 00:00:00,6000,170957811
B15107XM,PCB PANEL  DIMMER ASSY,PO-031014-B15107XM,2015-03-09 00:00:00,2000,175049817
201237,RET-WIRE CONNECTOR,POBK-020714-201237,2015-05-01 00:00:00,352000,172272904
A18466XX,SLIDE MOLDING,POBK-061314-A18466XX,2014-12-31 00:00:00,1000,186591596
A18468XX,PLATE RETAINING,POBK-061314-A18468XX,2014-12-31 00:00:00,1000,186591335
B18438XE,PLATE-RESISTOR,PO-051414-B18438XE,2015-05-14 00:00:00,1200,182595266
A18153XX,CARRIER ACTION,POBK-061314-A18153XX,2014-12-31 00:00:00,1000,186922874
A19138XX,DRIVE GEAR,POBK-061314-A19138XX,2014-12-31 00:00:00,2000,186591334
B18467XV,PLATE-TOP BK,PO-021114-B18467XV,2015-02-11 00:00:00,1600,172710877
B15104XE,PCB REAR WIPE ASSY,PO-051414-B15104XE,2015-05-14 00:00:00,1000,182595267
A14179XF,BOTTOM COVER,POBK-061314-A14179XF,2014-12-31 00:00:00,1000,186758381
B16114XD2,PCB-MF PL TJ,POBK-012914-B16114XD2,2015-06-02 00:00:00,1728,170957814
B14155XH,LEVER-PRINTED CIRCUIT BD,POBK-012914-B14155XH,2015-04-21 00:00:00,1053,170957812
B14517XF2,LEVER-TAMPO,PO-021114-B14517XF2,2015-02-11 00:00:00,1000,172710865
B14656XX,CONNECTOR-2 PIN,PO-041614-B14656XX,2015-04-01 00:00:00,1200,179343316
B15768XD,BASE SHAFT,PO-021114-B15768XD,2015-02-10 00:00:00,998999,172710019
B15122XD,BASE-WIPER INSERT MOLDED,POBK-061914-B15122XD,2014-12-31 00:00:00,1000,187087953
14132,INSERT; TURN SIGNAL,PO-101613-30,2014-10-16 00:00:00,5000,160041229
14132,INSERT; TURN SIGNAL,PO-101613-30,2014-10-16 00:00:00,5000,160041230
14133,INSERT; BRAKE LAMP,PO-101613-30,2014-10-16 00:00:00,5000,160041229
14133,INSERT; BRAKE LAMP,PO-101613-30,2014-10-16 00:00:00,5000,160041230
A11370XT,BODY,POBK-061314-A11370XT,2014-12-31 00:00:00,1000,186758379
308356,CONNECTOR MOLEX  50-57-9404,PO-042814-308356,2015-04-28 00:00:00,4000,180443812
80098,CARTON BOX 12X12X12,POBK-012114-001,2015-01-21 00:00:00,450,170075294
B14153XR4,LEVER WIPER TAMPO,PO-021114-B14153XR4,2015-02-10 00:00:00,99999,172710017
B14153XR3,LEVER WIPER TAMPO,PO-021114-B14153XR3,2015-02-11 00:00:00,400,172710864
14130XE10,CONTACT T/S,PO-102513-30,2014-10-24 00:00:00,20000,161247621
201171,PCB ASSY,POBK-110513-66IF,2015-03-03 00:00:00,555751,162296422
201261,BUTTON; ENABLE,PO-010214-DF07,2014-12-31 00:00:00,92342,167749982
201263,BUTTON; AUTO STICK,PO-101113-PL03DF,2014-12-30 00:00:00,18409,159443489
201265,PCB ASSY,POBK-012914-201265,2015-07-01 00:00:00,52800,170957804
201251,CONNECTOR AMP TYCO 1-929080-1,POBK-013014-201251,2015-06-02 00:00:00,48000,171104733
14134-10,FOG LAMP INSERT,PO-082213-31,2014-08-22 00:00:00,3700,151780435
14149XK-10,OPERATING ARM FOG,PO-111312-JN02,2014-12-31 00:00:00,1980500,124632373
516801-3,LAMINATION,POBK-043014-02,2015-07-03 00:00:00,43200,180940273
2709493-1,LAMINATION,PO-080213-38,2014-12-31 00:00:00,182075,148709457
46604-10,LAMINATION,PO-080213-39,2014-08-01 00:00:00,30800,148709458
2711070-1,LAMINATION,POBK-031214-01,2015-05-08 00:00:00,10800,175355774
2711187-1,LAMINATION,PO-081913-30,2014-08-19 00:00:00,5450,151307035
2714565-1,LAMINATION,PO-110113-31,2015-02-18 00:00:00,134292,161998109
2715128-1,LAMINATION,PO-101212-HW,2014-08-13 00:00:00,22796,122304186
2715128-1,LAMINATION,PO-101212-HW,2014-08-13 00:00:00,10396,123660168
2715128-1,LAMINATION,PO-101212-HW,2014-08-13 00:00:00,-6604,122304185
2715128-1,LAMINATION,POBK-040314-01,2015-08-14 00:00:00,39200,177946716
2715902-1,LAMINATION,PO-080213-40,2015-05-29 00:00:00,45000,148709459
27867-2,LAMINATION,PO-101212-HW,2015-09-18 00:00:00,17370,122304186
27867-2,LAMINATION,PO-101212-HW,2015-09-18 00:00:00,4970,123660168
27867-2,LAMINATION,PO-101212-HW,2015-09-18 00:00:00,-12030,122304185
515886,LAMINATION,PO-081213-30,2014-08-12 00:00:00,25560,150360632
515886-2,LAMINATION,POBK-043014-01,2015-07-14 00:00:00,48000,180773486
205052,SWITCH HOLDER,PO-010914-PL2,2014-12-30 00:00:00,9987999,168608948
205053,SCREW # 8-32 X 3/16 PHILLIPS,PO-080513-30,2014-10-03 00:00:00,10912,149024277
205054,DELTA PT SCREW 35X8 WN 5412,PO-102312-31,2014-08-26 00:00:00,5015,124149937
42113,CELL PARTITION,PO-051314-42113,2014-08-13 00:00:00,150,182265435
203261,HEAT SHRINK TUBING 2.5:1 POLYLEFIN BK,PO-012314-203261,2015-04-14 00:00:00,106000,170223530
80098DW,MASTER CARTON,POBK-061614-DF,2014-12-31 00:00:00,1000,186590847
80098DW,MASTER CARTON,POBK-061614-DF,2014-12-31 00:00:00,1000,186590848
31169-1141,CSTG SPACER,POBK-021014-02,2014-09-25 00:00:00,75,172563171
31169-1141,CSTG SPACER,POBK-052314-02,2015-09-30 00:00:00,375,183425422
201301,CONNECTOR MOLEX 31067-1070,PO-032114-201301,2015-03-13 00:00:00,1588800,175968195
01P058,ULTRAMIDE A3WG7 BLACK 564 A3WG7 BLACK NYLON 66,POBK-100813-0DF,2014-12-30 00:00:00,289587,158997351
04406618US,WRJW1000-04 20G19S GRY,POBK-012814-04406618US,2015-06-02 00:00:00,920100,170811622
04406600US,WRJW1000-04 20G19S ORG,PO-061714-04406600US,2014-09-17 00:00:00,25000,186759005
04406600US,WRJW1000-04 20G19S ORG,POBK-012814-04406600US,2014-08-11 00:00:00,22450,170811619
54200013,WIRE TROUGH BASE,PO-092613-JN04,2014-12-31 00:00:00,9922800,157182074
54200012,WIRE TROUGH LID,PO-022713-JN02,2014-12-31 00:00:00,867999,133353970
54200014,WIRE TROUGH LID,PO-010713-JN01,2014-12-31 00:00:00,54800,129644448
54200015,WIRE TROUGH BASE,PO-010713-JN02,2014-12-31 00:00:00,50000,129644464
54200287,HOUSING FEMALE UNSEALED 2-WAY 1.5 APEX BLACK,PO-111213-05DF,2014-12-31 00:00:00,999784555,163456433
54200288,HOUSING FEMALE UNSEALED 2-WAY 1.5 APEX NATURAL,PO-102611-10,2014-12-31 00:00:00,529911,91771147
54200289,FRONT TPA (WEDGE),PO-031913-JN02,2014-12-31 00:00:00,5489800,134658182
54200290,RETAINER 2 WAY FEMALE,PO-102611-13,2014-12-31 00:00:00,998133217,91771249
54390015,PROTECTIVE CAP 24 WAY MALE HEADER [5R110W TRANSMISSION HEADER],PO-010713-JN03,2014-12-31 00:00:00,52800,129644479
54730020,BLANKING FOR LEAD FRAME # 2 AND #3,PO-101811-101,2015-10-30 00:00:00,115845,92419388
54730020,BLANKING FOR LEAD FRAME # 2 AND #3,PO-101811-101,2015-10-30 00:00:00,114819,92419386
P322255S06-T0060,PERIFLEX PS/PT/PO 60MM LONG.,POBK-P322255S06-T0060,2015-06-02 00:00:00,277920,171250218
P402255S08-T0080,PERIFLEX PS/PT/PO 80MM LONG,POBK-P402255S08-T0080,2015-05-05 00:00:00,84640,171250220
P322255S06-T0125,PERIFLEX PS/PT/PO 125MM LONG,POBK-P322255S06-T0125,2015-06-02 00:00:00,185280,171250219
54002215,1.5MM APEX FEMALE TERMINAL,POBK-092013-73MS,2015-06-30 00:00:00,1666000,156259944
04406903US,WRJW1000-04 20G19S PNK,POBK-012814-04406903US,2015-06-02 00:00:00,100000,170811631
04406469US,WRJW1000-04 20G19S VIO,POBK-012814-04406469US,2015-06-02 00:00:00,196800,170811597
04406847US,WRJW1000-04 20G19S LTGN,POBK-012814-04406847US,2015-06-02 00:00:00,121200,170811624
04406604US,WRJW1000-04 20G19S YEL,POBK-012814-04406604US,2015-06-02 00:00:00,57650,170811620
04406857US,WRJW1000-04 20G19S DKGN,POBK-012814-04406857US,2015-06-02 00:00:00,100000,170811626
04406602US,WRJW1000-04 20G19S TAN,POBK-012814-04406602US,2015-06-02 00:00:00,947900,170811621
40100134,TERM WIR SNP ON FEM 7116-4102-08,POBK-050213-73MS,2014-12-30 00:00:00,604000,139321088
04406815US,WRJW1000-04 20G19S LTBU,POBK-012814-04406815US,2015-04-24 00:00:00,202000,170811623
04406592US,WRJW1000-04 20G19S BRN,POBK-012814-04406592US,2015-06-02 00:00:00,72000,170811615
04406825US,WRJW1000-04 20G19S DKBU,POBK-012814-04406825US,2015-06-02 00:00:00,100000,170811625
04406893US,WRJW1000-04 20G19S RED,POBK-012814-04406893US,2015-06-02 00:00:00,71400,170811629
54730019,BLANKING FOR LEAD FRAME # 1 AND #4,PO-101811-101,2015-10-30 00:00:00,115845,92419388
54730019,BLANKING FOR LEAD FRAME # 1 AND #4,PO-101811-101,2015-10-30 00:00:00,114819,92419386
201242,LOCTITE 5031,PO-072213-31,2014-07-22 00:00:00,3000,147649231
201242,LOCTITE 5031,PS-061814-201242,2014-12-31 00:00:00,60000,186923658
81040DW,MASTER CARTON 14X14X14 REINFORCED,PO-050914-81040DW,2014-09-05 00:00:00,960,181775513
54699023,PREMOLD SUB ASSEMBLY # 5,POBK-061314-54699023,2014-12-31 00:00:00,19989,186591477
205039,MOVING CONTACT PLUNGER,PO-010914-PL01,2014-12-30 00:00:00,100000,168608946
205041,BOBBIN,POBK-205041-SUPPLY,2014-12-31 00:00:00,952766,187587305
205042,LOWER HOUSING; +0.50MM,PO-111813-PLDF,2014-12-30 00:00:00,992499,168608944
201105,ACTUATOR GUIDE,PO-102412-JN02,2014-12-31 00:00:00,97624679,123075713
23078-1501,YOKE 23078-1501,POBK-092112-01,2015-08-21 00:00:00,71,121031876
205040,FLUX COLLECTOR,PO-031912-30,2015-06-25 00:00:00,9999999,105590582
201106,BUTTON,PO-010214-DF06,2014-12-30 00:00:00,9464539,167749980
80114,BOX,POBK-121313-001,2014-12-31 00:00:00,7700,165811367
80114,BOX,POBK-121313-001,2014-12-31 00:00:00,8703,165811370
80114,BOX,POBK-121313-001,2014-12-31 00:00:00,6700,165811369
80115,SLEEVE POLYCOATED,POBK-121313-001,2014-12-31 00:00:00,7700,165811367
80115,SLEEVE POLYCOATED,POBK-121313-001,2014-12-31 00:00:00,8703,165811370
80115,SLEEVE POLYCOATED,POBK-121313-001,2014-12-31 00:00:00,6700,165811369
80116,INSERT,POBK-121313-001,2014-12-31 00:00:00,4200,165811367
80116,INSERT,POBK-121313-001,2014-12-31 00:00:00,5203,165811370
80116,INSERT,POBK-121313-001,2014-12-31 00:00:00,3200,165811369
2709956-1,SHAFT; GEAR,PO-121012-HW01,2014-12-12 00:00:00,420,126926986
2709956-1,SHAFT; GEAR,PO-121012-HW01,2014-12-12 00:00:00,312,126926937
2709956-1,SHAFT; GEAR,PO-121012-HW01,2014-12-12 00:00:00,402,126926936
2709956-1,SHAFT; GEAR,PO-121012-HW01,2014-12-12 00:00:00,320,126926949
2709956-1,SHAFT; GEAR,PO-121012-HW01,2014-12-12 00:00:00,288,126926985
2709956-1,SHAFT; GEAR,PO-121012-HW01,2014-12-12 00:00:00,-492,126926940
2715903-1,STACK ASSY,POBK-121213-01,2015-12-11 00:00:00,591,165661335
515215-1,SHAFT,PO-121012-HW01,2014-12-31 00:00:00,7252,126926986
515215-1,SHAFT,PO-121012-HW01,2014-12-31 00:00:00,7144,126926937
515215-1,SHAFT,PO-121012-HW01,2014-12-31 00:00:00,7234,126926936
515215-1,SHAFT,PO-121012-HW01,2014-12-31 00:00:00,7152,126926949
515215-1,SHAFT,PO-121012-HW01,2014-12-31 00:00:00,7120,126926985
515215-1,SHAFT,PO-121012-HW01,2014-12-31 00:00:00,6340,126926940
46623-13,STACK ASSY; CAST,PO-100212-32,2014-10-07 00:00:00,7234,132527445
46623-13,STACK ASSY; CAST,PO-100212-32,2014-10-07 00:00:00,7152,132527449
46623-13,STACK ASSY; CAST,PO-100212-32,2014-10-07 00:00:00,7232,132527433
46623-13,STACK ASSY; CAST,PO-100212-32,2014-10-07 00:00:00,7202,132527441
46623-13,STACK ASSY; CAST,PO-100212-32,2014-10-07 00:00:00,6066,132527437
2711079-2,SHAFT; ROTOR,PO-121012-HW01,2014-12-12 00:00:00,197,126926986
2711079-2,SHAFT; ROTOR,PO-121012-HW01,2014-12-12 00:00:00,89,126926937
2711079-2,SHAFT; ROTOR,PO-121012-HW01,2014-12-12 00:00:00,179,126926936
2711079-2,SHAFT; ROTOR,PO-121012-HW01,2014-12-12 00:00:00,97,126926949
2711079-2,SHAFT; ROTOR,PO-121012-HW01,2014-12-12 00:00:00,65,126926985
2711079-2,SHAFT; ROTOR,PO-121012-HW01,2014-12-12 00:00:00,-715,126926940
2011536-1,LAMINATION,PO-013013-HW,2015-02-27 00:00:00,445200,131403262
2011536-1,LAMINATION,PO-013013-HW,2015-02-27 00:00:00,15750,131403263
2011605-2,LAMINATION,PO-111313-30,2014-11-13 00:00:00,49500,163605312
2011610-1,LAMINATION,PO-013013-HW,2015-01-29 00:00:00,992000,131403262
2011610-1,LAMINATION,PO-013013-HW,2015-01-29 00:00:00,562550,131403263
2707910-4,STACK ASSEMBLY; ROTOR; MOTOR,PO-100212-32,2014-11-21 00:00:00,102,132527445
2707910-4,STACK ASSEMBLY; ROTOR; MOTOR,PO-100212-32,2014-11-21 00:00:00,20,132527449
2707910-4,STACK ASSEMBLY; ROTOR; MOTOR,PO-100212-32,2014-11-21 00:00:00,100,132527433
2707910-4,STACK ASSEMBLY; ROTOR; MOTOR,PO-100212-32,2014-11-21 00:00:00,70,132527441
2707910-4,STACK ASSEMBLY; ROTOR; MOTOR,PO-100212-32,2014-11-21 00:00:00,-1066,132527437
2707911-2,SHAFT; MOTOR,PO-121012-HW01,2014-12-12 00:00:00,456,126926986
2707911-2,SHAFT; MOTOR,PO-121012-HW01,2014-12-12 00:00:00,348,126926937
2707911-2,SHAFT; MOTOR,PO-121012-HW01,2014-12-12 00:00:00,438,126926936
2707911-2,SHAFT; MOTOR,PO-121012-HW01,2014-12-12 00:00:00,356,126926949
2707911-2,SHAFT; MOTOR,PO-121012-HW01,2014-12-12 00:00:00,324,126926985
2707911-2,SHAFT; MOTOR,PO-121012-HW01,2014-12-12 00:00:00,-456,126926940
2711764-1,SHAFT STARTER,POBK-042414-01,2015-08-14 00:00:00,400,180109399
2707671-2,SHAFT; ROTOR; MOTOR,PO-121012-HW01,2014-12-31 00:00:00,476,126926986
2707671-2,SHAFT; ROTOR; MOTOR,PO-121012-HW01,2014-12-31 00:00:00,368,126926937
2707671-2,SHAFT; ROTOR; MOTOR,PO-121012-HW01,2014-12-31 00:00:00,458,126926936
2707671-2,SHAFT; ROTOR; MOTOR,PO-121012-HW01,2014-12-31 00:00:00,376,126926949
2707671-2,SHAFT; ROTOR; MOTOR,PO-121012-HW01,2014-12-31 00:00:00,344,126926985
2707671-2,SHAFT; ROTOR; MOTOR,PO-121012-HW01,2014-12-31 00:00:00,-436,126926940
32288-6,CORE ASSEMBLY; ROTOR,PO-100212-32,2014-10-30 00:00:00,458,132527445
32288-6,CORE ASSEMBLY; ROTOR,PO-100212-32,2014-10-30 00:00:00,376,132527449
32288-6,CORE ASSEMBLY; ROTOR,PO-100212-32,2014-10-30 00:00:00,456,132527433
32288-6,CORE ASSEMBLY; ROTOR,PO-100212-32,2014-10-30 00:00:00,426,132527441
32288-6,CORE ASSEMBLY; ROTOR,PO-100212-32,2014-10-30 00:00:00,-710,132527437
46623-2,STACK ASSY; CAST; ROTOR; MOTOR,PO-100212-32,2014-10-02 00:00:00,503,132527445
46623-2,STACK ASSY; CAST; ROTOR; MOTOR,PO-100212-32,2014-10-02 00:00:00,421,132527449
46623-2,STACK ASSY; CAST; ROTOR; MOTOR,PO-100212-32,2014-10-02 00:00:00,501,132527433
46623-2,STACK ASSY; CAST; ROTOR; MOTOR,PO-100212-32,2014-10-02 00:00:00,471,132527441
46623-2,STACK ASSY; CAST; ROTOR; MOTOR,PO-100212-32,2014-10-02 00:00:00,-665,132527437
2711072-1,LAMINATION,POBK-061814-01,2015-06-18 00:00:00,18000,186923654
2715904-1,LAMINATION; ROTOR,PO-101212-HW,2015-09-18 00:00:00,56948,122304186
2715904-1,LAMINATION; ROTOR,PO-101212-HW,2015-09-18 00:00:00,44548,123660168
2715904-1,LAMINATION; ROTOR,PO-101212-HW,2015-09-18 00:00:00,27548,122304185
46606-2,LAMINATION,POBK-033114-01,2015-04-03 00:00:00,159800,177493098
32289,LAMINATION,POBK-061814-03,2015-06-18 00:00:00,6000,186923669
32289,LAMINATION,POBK-101113-02,2014-10-10 00:00:00,6000,159888865
32289,LAMINATION,POBK-101113-02,2014-10-10 00:00:00,1000,159445028
CN24375,CONNECTOR (BACC63DF0316PA),POBK-061314-01,2015-06-12 00:00:00,900,186423587
CN8144,CONTACT,POBK-060314-05,2015-06-03 00:00:00,3000,184903572
72552830-1,LAMP; GLASS HALOGEN 32V,POBK-060314-01,2014-12-19 00:00:00,2350,184903059
2711804-1,SHAFT; ROTO; MOTOR,PO-042613-HW01,2014-12-31 00:00:00,58,138717803
31708-1501,INSULATOR; COIL,POBK-040714-02,2015-04-07 00:00:00,500,178551818
2783765-1,SHAFT; ROTOR; MOTOR,POBK-040914-01,2015-04-09 00:00:00,159,178858520
70000,PROTECTIVE STATOR,PS-062414-70000,2014-12-31 00:00:00,300,187752684
46623-7,STACK ASSY; CAST; ROTOR; MOTOR,POBK-061014-03,2015-06-10 00:00:00,1000,185918507
518818-4,SHAFT,POBK-040114-01,2014-12-22 00:00:00,147,177644505
518818-5,SHAFT,PO-052213-HW01,2014-11-21 00:00:00,632,141518916
518818-5,SHAFT,PO-052213-HW01,2014-11-21 00:00:00,755,141518915
519932-1,SHAFT,POBK-042314-02,2015-05-19 00:00:00,86,179942744
516124,SHAFT,POBK-042414-03,2015-09-18 00:00:00,375,180109802
516853-105,SHAFT; MOTOR,POBK-062514-01,2015-06-25 00:00:00,30,187917429
516854-102,SHAFT; MOTOR,POBK-040914-03,2015-04-09 00:00:00,50,178858533
P117-01,TERMINAL,PO-110613-30,2014-11-06 00:00:00,40000,162559020
201-789,TERMINAL INSULATOR ASSEMBLY,PO-072913-JN01,2014-12-30 00:00:00,9901203,148318363
2047413-1,SHAFT ASSY,PO-052213-HW01,2014-12-31 00:00:00,875,141518916
2047413-1,SHAFT ASSY,PO-052213-HW01,2014-12-31 00:00:00,998,141518915
205101,COIL HOUSING,PO-060413-33.,2014-11-05 00:00:00,238128,175046768
205102,SLEEVE,PO-060413-30.,2014-12-15 00:00:00,241700,175815237
205103,BOBBIN; DIODE POST,PO-052214-205103,2014-12-31 00:00:00,245000,183258933
205104,SPRING RETURN,PO-080213-32,2015-07-31 00:00:00,236200,148594194
205105,COVER,PO-052214-205105,2014-12-31 00:00:00,45000,183258930
205106,DIODE/ P4KE 250A,POBK-012914-205106,2015-03-03 00:00:00,200000,170958418
205108,STOP DISC ASSEMBLY,PO-052214-205108,2014-12-31 00:00:00,43574,183258931
205112,SHAFT;THREADED,PO-080213-33,2015-07-31 00:00:00,250000,148709339
205112,SHAFT;THREADED,PO-080213-33,2015-07-31 00:00:00,229972,148709325
205113,PLUNGER; THREADED,PO-080213-34,2015-07-31 00:00:00,250000,148709341
205113,PLUNGER; THREADED,PO-080213-34,2015-07-31 00:00:00,236002,148709338
205114,FLUX INSERT,PO-080213-35,2015-07-31 00:00:00,250000,148709426
205114,FLUX INSERT,PO-080213-35,2015-07-31 00:00:00,234435,148709424
205115,FLUX PLATE,PO-080213-31,2015-07-31 00:00:00,236500,148594172
67410405-1,SHAFT,POBK-112113-01,2014-11-21 00:00:00,111,164300999
67620204-1,SLEEVE  ROTOR,POBK-120413-01,2014-12-04 00:00:00,16,165358059
67410106-1,SHAFT ROTOR MOTOR,POBK-040214-02,2015-07-17 00:00:00,100,177796144
67410131-1,SLEEVE ROTOR,POBK-022614-01,2015-05-15 00:00:00,33,174450128
65051116-1,HUB ROTOR,PO-072313-38,2014-12-31 00:00:00,22,147981863
65051117-1,END RING ROTOR,PO-072313-39,2014-12-31 00:00:00,43,147981865
65051119-1,SPACER ROTOR,PO-072313-40,2014-12-31 00:00:00,252,147981869
65051120-1,SLEEVE ROTOR,PO-072313-37,2014-10-30 00:00:00,20,147981861
67620242-1,LAMINATION; STATOR,POBK-042414-04,2015-06-12 00:00:00,5400,180110052
277-5503-9201,TEMPERATURE SENSOR; PLATINUM [HEL-705-U-0-12-00],POBK-042414-02,2014-12-01 00:00:00,100,180109799
67620202-1,LAMINATION; STATOR,POBK-021214-01,2014-07-17 00:00:00,493,172854804
67620202-1,LAMINATION; STATOR,POBK-051214-03,2015-07-17 00:00:00,14400,182101239
MPS900037,COATING (IMIDIZED POLYESTER VARNISH),PO-012114-34,2015-01-21 00:00:00,1792,170075302
MPS1700007-1.1,INSULATOR,POBK-032614-01,2015-03-26 00:00:00,4250,176731753
MPS1700007-1.2,INSULATOR,POBK-022714-01,2015-02-27 00:00:00,4000,174595549
S8192-244AAL031,INSULATOR; WEDGE,POBK-022714-02,2015-04-10 00:00:00,3100,174595551
S8192-81AAL031,INSULATOR; WEDGE,POBK-051214-04,2015-05-15 00:00:00,3000,182101253
S8192-374AH007,INSULATOR; PHASE,POBK-050814-01,2015-05-08 00:00:00,3000,181612401
S8192-461AH007,INSULATOR; SLOT,POBK-022714-05,2015-05-01 00:00:00,12870,174596411
65050675-1,LAMINATION;STATOR,POBK-062514-02,2015-06-25 00:00:00,6000,187917433
MPS1700024-1.1,INSULATOR,POBK-061114-01,2015-06-11 00:00:00,10000,186087500
MPS1700024-1.2,INSULATOR,POBK-061114-02,2015-06-11 00:00:00,10000,186087501
MPS1700024-1.3,INSULATOR,POBK-061114-03,2015-06-11 00:00:00,10000,186087502
205126,TERMINAL/ MOLEX 50372-8000,POBK-012914-205126,2015-03-03 00:00:00,200000,170958419
203003B,BULK WIRE;  DIN 72;BR 1.5 MM2,POBK-012914-203003B,2015-07-01 00:00:00,233740,170957842
203004B,BULK WIRE;  DIN 72;RD 1.5MM2,POBK-012914-203004B,2015-05-19 00:00:00,220380,170957866
203005B,BULK WIRE; DIN EN 13602; VT0.25MM2,POBK-012914-203005B,2015-04-21 00:00:00,1188235,170957867
950403,LEADFRAME CONNECTOR,PO-111113-30,2014-12-17 00:00:00,209000,163456963
205128,22 AWG 19/34 STRANDS TINNED COPPER LHL UNINSULATED,PO-051914-203128,2015-05-15 00:00:00,45000,182761514
205132,CONNECTOR/ MOLEX  502351-0300,POBK-012914-205132,2015-06-17 00:00:00,200000,170958420
205133,MAGNET WIRE C152XX00280081,PO-040914-205133,2015-04-09 00:00:00,5336,178859854
E9TB-14A624-GA,CONNECTOR,PO-021514-E9TB-14A624-GA,2015-02-13 00:00:00,1200,173433135
E7EB-14461-BA,TERMINAL,PO-021514-E7EB-14461-BA,2015-02-13 00:00:00,1,173433134
44402-20-22,RED WIRE,PO-031814-44402-20-22,2015-03-13 00:00:00,30000,175356700
44402-20-40,YELLOW/BLACK STRIPE WIRE,PO-031814-44402-20-40,2015-03-13 00:00:00,30000,175356701
44402-20-52,LT GREEN/RED STRIPE WIRE,PO-031814-44402-20-52,2015-03-13 00:00:00,30000,175356703
44402-20-64,LT BLUE/YELLOW STRIPE WIRE,PO-031814-44402-20-64,2015-03-13 00:00:00,30000,175356704
44402-20-66,LT BLUE WIRE,PO-031814-44402-20-66,2015-03-13 00:00:00,30000,175356706
44402-20-00,BLACK WIRE,PO-031814-44402-20-00,2015-03-13 00:00:00,30000,175357141
F2VB-14489-HA,CONNECTOR,PO-022714-F2VB-14489-HA,2015-02-25 00:00:00,1380,174595389
950421,MARKED WIRE-3-LEAD WITH TUBE #SA 11095,PO-040314-950421,2015-04-03 00:00:00,15000,177946323
950424,TYCO TERMINAL 1718760-2 GOLD PLATED,PO-052914-950424,2015-05-29 00:00:00,90000,184247811
950423,TYCO WIRE SEAL,PO-040314-950423,2015-04-03 00:00:00,72000,177946317
950703,TERMINAL,PS-060214-31,2018-09-07 00:00:00,9999999,184735828
950501,O-RING 26139371,PO-062614-950501,2014-08-08 00:00:00,4856,188081346
950501,O-RING 26139371,PO-062614-950501,2014-08-08 00:00:00,4856,188081378
